Invoice Date,Invoice ID,Invoice Number,Issued Date,Invoice Status,Customer ID,Customer Name,Company ID,Is Inclusive Tax,Due Date,PurchaseOrder,Currency Code,Exchange Rate,Discount Type,Is Discount Before Tax,Template Name,Entity Discount Percent,SubTotal,Total,TotalRetentionAmountFCY,TotalRetentionAmountBCY,Balance,Adjustment,Adjustment Description,Expected Payment Date,Last Payment Date,Payment Terms,Payment Terms Label,Early Payment Discount Percentage,Early Payment Discount Amount,Early Payment Discount Due Days,Notes,Terms & Conditions,Entity Discount Amount,Shipping Charge,Shipping Charge Tax ID,Shipping Charge Tax Amount,Shipping Charge Tax Name,Shipping Charge Tax %,Shipping Charge Tax Type,Item Name,Item Desc,Quantity,Discount,Discount Amount,Item Total,Usage unit,Item Price,Product ID,Brand,Sales Order Number,Expense Reference ID,Recurrence Name,PayPal,Authorize.Net,Google Checkout,Payflow Pro,Stripe,Paytm,2Checkout,Braintree,Forte,WorldPay,Payments Pro,Square,WePay,Razorpay,ICICI EazyPay,GoCardless,Partial Payments,Billing Attention,Billing Address,Billing Street2,Billing City,Billing State,Billing Country,Billing Code,Billing Phone,Billing Fax,Shipping Attention,Shipping Address,Shipping Street2,Shipping City,Shipping State,Shipping Country,Shipping Code,Shipping Fax,Shipping Phone Number,Project ID,Project Name,Round Off,Sales person,Subject,Primary Contact EmailID,Primary Contact Mobile,Primary Contact Phone,Estimate Number,Custom Charges,Shipping Bill#,Shipping Bill Date,Shipping Bill Total,PortCode,Account,Account Code,Tax ID,Item Tax,Item Tax %,Item Tax Amount,Item Tax Type,Kit Combo Item Name,CF.Associated Developers
2025-10-13,7451241000000093359,INV-000001,,Closed,7451241000000093330,Union Special GmbH,,true,2025-10-20,CT-1662,EUR,1.161104,item_level,true,Easy - EUR,0.00,2400.00,2400.00,0.00,0.00,0.00,0.00,Adjustment,,2025-10-20,7,Custom,0.00,0.00,,Thanks for your business.,,0.0,0.00,,,,,,Zoho Customization, Ongoing Zoho Customization and Website Development ,1.00,0.00,0.000,2400.00,,2400.00,7451241000000093348,,,,,false,false,false,false,false,false,false,false,false,false,false,false,false,false,false,false,false,Gabriele Muninger,Raiffeisenstrasse 3,,Moeglingen,,Germany,D-71696,07141/247-225,,,,,,,,,,,,,0.00,,,gmuninger@unionspecial.de,,07141/247-225,,,,,,,Sales,,,,,,,,
2025-10-14,7451241000000099031,INV-000002,,Closed,7451241000000099013,AptaVista Consulting,,true,2025-10-21,,USD,1.00,item_level,true,Easy - USD,0.00,250.00,250.00,0.00,0.00,0.00,0.00,Adjustment,,2025-10-16,7,Net 7,0.00,0.00,,Thanks for your business.,,0.0,0.00,,,,,,Zoho Customization,Partial Payment of AI Integration,1.00,0.00,0.000,250.00,,250.00,7451241000000093348,,,,,false,false,false,false,false,false,false,false,false,false,false,false,false,false,false,false,false,Mr. Lee Najjar,,,,,U.S.A,,,,,,,,,,,,,,,0.00,,,lee@aptavista.com,,703-326-0670,,,,,,,Sales,,,,,,,,
2025-10-14,7451241000000099088,INV-000003,,Closed,7451241000000099070,Mansha Financial Group Ltd,,true,2025-10-21,,CAD,0.712022,item_level,true,Easy - CAD,0.00,280.00,280.00,0.00,0.00,0.00,0.00,Adjustment,,2025-10-17,7,Net 7,0.00,0.00,,Thanks for your business.,,0.0,0.00,,,,,,Zoho Customization,"Creating Widget for new 3 Team Folders, USD 200 = CAD 280",1.00,0.00,0.000,280.00,,280.00,7451241000000093348,,,,,false,false,false,false,false,false,false,false,false,false,false,false,false,false,false,false,false,Hardi Anand,"47 COLBORNE ST,M5E1E3",,TORONTO,Ontario,Canada,,,,,,,,,,,,,,,0.00,,,hardi@manshaplan.com,,(905) 867-6044,,,,,,,Sales,,,,,,,,
2025-11-30,7451241000000108019,INV-000004,,Closed,7451241000000108001,Schulte & Vogt Schadenregulierung GmbH,,true,2025-12-07,,EUR,1.160097,item_level,true,Easy - EUR,0.00,334.11,334.11,0.00,0.00,0.00,0.00,Adjustment,,2025-12-10,7,Net 7,0.00,0.00,,Thanks for your business.,,0.0,0.00,,,,,,Zoho Customization,Excel Importer Widget,1.00,0.00,0.000,259.31,,259.31,7451241000000093348,,,,,false,false,false,false,false,false,false,false,false,false,false,false,false,false,false,false,false,Thomas Hacker,"Lehmbergstr. 60, 57368 Lennestadt|",Amtsgericht: Siegen HRB:,,,Germany,13810 ,,,,,,,,,,,,,,0.00,,,mail@svschadenregulierung.de,,0272 19458930,,,,,,,Sales,,,,,,,,
2025-11-30,7451241000000108019,INV-000004,,Closed,7451241000000108001,Schulte & Vogt Schadenregulierung GmbH,,true,2025-12-07,,EUR,1.160097,item_level,true,Easy - EUR,0.00,334.11,334.11,0.00,0.00,0.00,0.00,Adjustment,,2025-12-10,7,Net 7,0.00,0.00,,Thanks for your business.,,0.0,0.00,,,,,,Custom Deluge Scripts,Additional Tasks for Blueprint and Functionality,1.00,0.00,0.000,74.80,,74.80,7451241000000111019,,,,,false,false,false,false,false,false,false,false,false,false,false,false,false,false,false,false,false,Thomas Hacker,"Lehmbergstr. 60, 57368 Lennestadt|",Amtsgericht: Siegen HRB:,,,Germany,13810 ,,,,,,,,,,,,,,0.00,,,mail@svschadenregulierung.de,,0272 19458930,,,,,,,Sales,,,,,,,,
2025-10-30,7451241000000111030,INV-000005,,Closed,7451241000000111001,Las Colinas Association,,true,2025-11-06,,USD,1.00,item_level,true,Easy - USD,0.00,200.00,200.00,0.00,0.00,0.00,0.00,Adjustment,,2025-11-13,7,Net 7,0.00,0.00,,Thanks for your business.,,0.0,0.00,,,,,,Custom Deluge Scripts,Custom Deluge Script,1.00,0.00,0.000,200.00,,200.00,7451241000000111019,,,,,false,false,false,false,false,false,false,false,false,false,false,false,false,false,false,false,false,Colt Miranda,3838 Teleport Boulevard,,Irving,Texas,U.S.A,75039-4303,,,,,,,,,,,,,,0.00,,,cmiranda@lascolinas.org,,(972) 541-2345 x249,,,,,,,Sales,,,,,,,,
2025-11-11,7451241000000112876,INV-000006,,Closed,7451241000000112755,Informatix Pty Ltd,,true,2025-11-18,,AUD,0.652274,item_level,true,Easy - AUD,0.00,920.20,920.20,0.00,0.00,0.00,0.00,Adjustment,,2025-11-13,7,Net 7,0.00,0.00,,Thanks for your business.,,0.0,0.00,,,,,,Ongoing Zoho Support,Simpor Remaining Amount,1.00,0.00,0.000,306.74,,306.74,7451241000000112865,,,,,false,false,false,false,false,false,false,false,false,false,false,false,false,false,false,false,false,John Makras,"17 Grevillea Street Mount Gravatt
East",,QLD,,Australia,4122,,,,,,,,,,,,,,0.00,,,info@informatix.com.au,,,,,,,,,Sales,,,,,,,,
2025-11-11,7451241000000112876,INV-000006,,Closed,7451241000000112755,Informatix Pty Ltd,,true,2025-11-18,,AUD,0.652274,item_level,true,Easy - AUD,0.00,920.20,920.20,0.00,0.00,0.00,0.00,Adjustment,,2025-11-13,7,Net 7,0.00,0.00,,Thanks for your business.,,0.0,0.00,,,,,,Ongoing Zoho Support,Sensor Tronix Lead Assignment,1.00,0.00,0.000,613.46,,613.46,7451241000000112865,,,,,false,false,false,false,false,false,false,false,false,false,false,false,false,false,false,false,false,John Makras,"17 Grevillea Street Mount Gravatt
East",,QLD,,Australia,4122,,,,,,,,,,,,,,0.00,,,info@informatix.com.au,,,,,,,,,Sales,,,,,,,,
2025-10-31,7451241000000112890,INV-000007,,Closed,7451241000000112573,Pro Playground,,true,2025-11-07,,USD,1.00,item_level,true,Easy - USD,0.00,311.70,311.70,0.00,0.00,0.00,0.00,Adjustment,,2026-01-02,7,Net 7,0.00,0.00,,Thanks for your business.,,0.0,0.00,,,,,,Ongoing Zoho Support,,10.39,0.00,0.000,311.70,,30.00,7451241000000112865,,,,,false,false,false,false,false,false,false,false,false,false,false,false,false,false,false,false,false,Mr. Paul Adriaanse,,,,Florida,U.S.A,,1-800-573-7529,,,,,,,,,,,,,0.00,,,info@proplaygrounds.com,,,,,,,,,Sales,,,,,,,,
2025-10-31,7451241000000112903,INV-000008,,Closed,7451241000000112555,Home Espana La Zenia S.L,,true,2025-11-07,,EUR,1.159904,item_level,true,Easy - EUR,0.00,1042.20,1042.20,0.00,0.00,0.00,0.00,Adjustment,,2025-11-10,7,Net 7,0.00,0.00,,Thanks for your business.,,0.0,0.00,,,,,,,Bug Fixing for XML,17.24,0.00,0.000,517.20,,30.00,,,,,,false,false,false,false,false,false,false,false,false,false,false,false,false,false,false,false,false,Mr. Raj Kumar Sirwani,,,,,Spain,,,,,,,,,,,,,,,0.00,,,Raj@hipoteken.com,,,,,,,,,Sales,,,,,,,,
2025-10-31,7451241000000112903,INV-000008,,Closed,7451241000000112555,Home Espana La Zenia S.L,,true,2025-11-07,,EUR,1.159904,item_level,true,Easy - EUR,0.00,1042.20,1042.20,0.00,0.00,0.00,0.00,Adjustment,,2025-11-10,7,Net 7,0.00,0.00,,Thanks for your business.,,0.0,0.00,,,,,,,XML Project 2 Incoming Feed,2.50,0.00,0.000,75.00,,30.00,,,,,,false,false,false,false,false,false,false,false,false,false,false,false,false,false,false,false,false,Mr. Raj Kumar Sirwani,,,,,Spain,,,,,,,,,,,,,,,0.00,,,Raj@hipoteken.com,,,,,,,,,Sales,,,,,,,,
2025-10-31,7451241000000112903,INV-000008,,Closed,7451241000000112555,Home Espana La Zenia S.L,,true,2025-11-07,,EUR,1.159904,item_level,true,Easy - EUR,0.00,1042.20,1042.20,0.00,0.00,0.00,0.00,Adjustment,,2025-11-10,7,Net 7,0.00,0.00,,Thanks for your business.,,0.0,0.00,,,,,,,PDF Generation Button,15.00,0.00,0.000,450.00,,30.00,,,,,,false,false,false,false,false,false,false,false,false,false,false,false,false,false,false,false,false,Mr. Raj Kumar Sirwani,,,,,Spain,,,,,,,,,,,,,,,0.00,,,Raj@hipoteken.com,,,,,,,,,Sales,,,,,,,,
2025-10-31,7451241000000112928,INV-000009,,Closed,7451241000000112537,WOLQ B.V,,true,2025-11-07,,EUR,1.159904,item_level,true,Easy - EUR,0.00,1511.60,1511.60,0.00,0.00,0.00,0.00,Adjustment,,2025-11-18,7,Net 7,0.00,0.00,,Thanks for your business.,,0.0,0.00,,,,,,Ongoing Zoho Support,Billed the Actual Work Hours from Project Timesheet,75.58,0.00,0.000,1511.60,,20.00,7451241000000112865,,,,,false,false,false,false,false,false,false,false,false,false,false,false,false,false,false,false,false,Mr. Ralph,"Brother Waltz 25
 ZT",,Helmond,Noord-Brabant,Netherlands,5708,,,,,,,,,,,,,,0.00,,,ralph@wolq.nl,,,,,,,,,Sales,,,,,,,,
2025-10-26,7451241000000112973,INV-000010,,Closed,7451241000000112773,Mario,,true,2025-11-02,,USD,1.00,item_level,true,Easy - USD,0.00,100.00,100.00,0.00,0.00,0.00,0.00,Adjustment,,2025-11-01,7,Net 7,0.00,0.00,,Thanks for your business.,,0.0,0.00,,,,,,Ongoing Zoho Support,,1.00,0.00,0.000,100.00,,100.00,7451241000000112865,,,,,false,false,false,false,false,false,false,false,false,false,false,false,false,false,false,false,false,,,,,,,,,,,,,,,,,,,,,0.00,,,,,971 (0)58 592 6416,,,,,,,Sales,,,,,,,,
2025-11-10,7451241000000117001,INV-000011,,Closed,7451241000000112659,Pool Care Specialists,,true,2025-11-17,,USD,1.00,item_level,true,Easy - USD,0.00,250.00,250.00,0.00,0.00,0.00,0.00,Adjustment,,2025-11-17,7,Net 7,0.00,0.00,,Thanks for your business.,,0.0,0.00,,,,,,Ongoing Zoho Support,API Integration for CRM to LBM moments Integration,1.00,0.00,0.000,250.00,,250.00,7451241000000112865,,,,,false,false,false,false,false,false,false,false,false,false,false,false,false,false,false,false,false,Doug Holcombe,"2201 Long Prairie Rd Ste 107-123
Flower Mound",,,Texas,U.S.A,75022,,,,,,,,,,,,,,0.00,,,doug@poolcarespecialists.com,,972-829-8485,,,,,,,Sales,,,,,,,,
2025-11-18,7451241000000126045,INV-000012,,Closed,7451241000000112487,Everlasting Remodel,,true,2025-11-25,,USD,1.00,item_level,true,Easy - USD,0.00,100.00,100.00,0.00,0.00,0.00,0.00,Adjustment,,2025-12-04,7,Net 7,0.00,0.00,,Thanks for your business.,,0.0,0.00,,,,,,Custom Deluge Scripts,Folder Creation and Association in Zoho Project,1.00,0.00,0.000,100.00,,100.00,7451241000000111019,,,,,false,false,false,false,false,false,false,false,false,false,false,false,false,false,false,false,false,Mr. Yoav Hodd,4438 Ingraham St,,San Diego,California,U.S.A,92109,'+1 (858) 250-3233,,,,,,,,,,,,,0.00,,,Invoice@everlastingremodel.com,,'+1 (858) 250-3233,,,,,,,Sales,,,,,,,,
2025-11-24,7451241000000132068,INV-000013,,Closed,7451241000000132050,"Prodigy Promos, LC",,true,2025-12-01,,USD,1.00,item_level,true,Easy - USD,0.00,100.00,100.00,0.00,0.00,0.00,0.00,Adjustment,,2025-12-04,7,Net 7,0.00,0.00,,Thanks for your business.,,0.0,0.00,,,,,,Custom Deluge Scripts,Custom Deluge Script,1.00,0.00,0.000,100.00,,100.00,7451241000000111019,,,,,false,false,false,false,false,false,false,false,false,false,false,false,false,false,false,false,false,Mr. John Priday,122 South 1380 West Lindon,,,Utah,U.S.A,84042 ,801.705.5062,,,,,,,,,,,,,0.00,,,john@prodigypromos.com,,,,,,,,,Sales,,,,,,,,
2025-11-30,7451241000000135001,INV-000014,,Closed,7451241000000112555,Home Espana La Zenia S.L,,true,2025-12-07,,EUR,1.160097,item_level,true,Easy - EUR,0.00,609.00,609.00,0.00,0.00,0.00,0.00,Adjustment,,2025-12-07,7,Net 7,0.00,0.00,,Thanks for your business.,,0.0,0.00,,,,,,,Bug Fixing for XML,1.50,0.00,0.000,45.00,,30.00,,,,,,false,false,false,false,false,false,false,false,false,false,false,false,false,false,false,false,false,Mr. Raj Kumar Sirwani,,,,,Spain,,,,,,,,,,,,,,,0.00,,,Raj@hipoteken.com,,,,,,,,,Sales,,,,,,,,
2025-11-30,7451241000000135001,INV-000014,,Closed,7451241000000112555,Home Espana La Zenia S.L,,true,2025-12-07,,EUR,1.160097,item_level,true,Easy - EUR,0.00,609.00,609.00,0.00,0.00,0.00,0.00,Adjustment,,2025-12-07,7,Net 7,0.00,0.00,,Thanks for your business.,,0.0,0.00,,,,,,,Home Espana Related General Tasks,2.10,0.00,0.000,63.00,,30.00,,,,,,false,false,false,false,false,false,false,false,false,false,false,false,false,false,false,false,false,Mr. Raj Kumar Sirwani,,,,,Spain,,,,,,,,,,,,,,,0.00,,,Raj@hipoteken.com,,,,,,,,,Sales,,,,,,,,
2025-11-30,7451241000000135001,INV-000014,,Closed,7451241000000112555,Home Espana La Zenia S.L,,true,2025-12-07,,EUR,1.160097,item_level,true,Easy - EUR,0.00,609.00,609.00,0.00,0.00,0.00,0.00,Adjustment,,2025-12-07,7,Net 7,0.00,0.00,,Thanks for your business.,,0.0,0.00,,,,,,,"Home Espana Urgent Issue(13th Nov) And Xml Incoming Feed Modification(11th, 12th,18th Nov )",13.00,0.00,0.000,390.00,,30.00,,,,,,false,false,false,false,false,false,false,false,false,false,false,false,false,false,false,false,false,Mr. Raj Kumar Sirwani,,,,,Spain,,,,,,,,,,,,,,,0.00,,,Raj@hipoteken.com,,,,,,,,,Sales,,,,,,,,
2025-11-30,7451241000000135001,INV-000014,,Closed,7451241000000112555,Home Espana La Zenia S.L,,true,2025-12-07,,EUR,1.160097,item_level,true,Easy - EUR,0.00,609.00,609.00,0.00,0.00,0.00,0.00,Adjustment,,2025-12-07,7,Net 7,0.00,0.00,,Thanks for your business.,,0.0,0.00,,,,,,,Get all Unique urls from Product module Images Field,3.70,0.00,0.000,111.00,,30.00,,,,,,false,false,false,false,false,false,false,false,false,false,false,false,false,false,false,false,false,Mr. Raj Kumar Sirwani,,,,,Spain,,,,,,,,,,,,,,,0.00,,,Raj@hipoteken.com,,,,,,,,,Sales,,,,,,,,
2025-11-30,7451241000000135020,INV-000015,,Closed,7451241000000112573,Pro Playground,,true,2025-12-07,,USD,1.00,item_level,true,Easy - USD,0.00,558.60,558.60,0.00,0.00,0.00,0.00,Adjustment,,2026-01-02,7,Net 7,0.00,0.00,,Thanks for your business.,,0.0,0.00,,,,,,,Proplaygrounds MiscellaneousTasks,1.50,0.00,0.000,45.00,,30.00,,,,,,false,false,false,false,false,false,false,false,false,false,false,false,false,false,false,false,false,Mr. Paul Adriaanse,,,,Florida,U.S.A,,1-800-573-7529,,,,,,,,,,,,,0.00,,,info@proplaygrounds.com,,,,,,,,,Sales,,,,,,,,
2025-11-30,7451241000000135020,INV-000015,,Closed,7451241000000112573,Pro Playground,,true,2025-12-07,,USD,1.00,item_level,true,Easy - USD,0.00,558.60,558.60,0.00,0.00,0.00,0.00,Adjustment,,2026-01-02,7,Net 7,0.00,0.00,,Thanks for your business.,,0.0,0.00,,,,,,,Proplaygrounds Leads Conversion Widget,7.82,0.00,0.000,234.60,,30.00,,,,,,false,false,false,false,false,false,false,false,false,false,false,false,false,false,false,false,false,Mr. Paul Adriaanse,,,,Florida,U.S.A,,1-800-573-7529,,,,,,,,,,,,,0.00,,,info@proplaygrounds.com,,,,,,,,,Sales,,,,,,,,
2025-11-30,7451241000000135020,INV-000015,,Closed,7451241000000112573,Pro Playground,,true,2025-12-07,,USD,1.00,item_level,true,Easy - USD,0.00,558.60,558.60,0.00,0.00,0.00,0.00,Adjustment,,2026-01-02,7,Net 7,0.00,0.00,,Thanks for your business.,,0.0,0.00,,,,,,,Proplaygrounds Zoho Books Widget,1.10,0.00,0.000,33.00,,30.00,,,,,,false,false,false,false,false,false,false,false,false,false,false,false,false,false,false,false,false,Mr. Paul Adriaanse,,,,Florida,U.S.A,,1-800-573-7529,,,,,,,,,,,,,0.00,,,info@proplaygrounds.com,,,,,,,,,Sales,,,,,,,,
2025-11-30,7451241000000135020,INV-000015,,Closed,7451241000000112573,Pro Playground,,true,2025-12-07,,USD,1.00,item_level,true,Easy - USD,0.00,558.60,558.60,0.00,0.00,0.00,0.00,Adjustment,,2026-01-02,7,Net 7,0.00,0.00,,Thanks for your business.,,0.0,0.00,,,,,,,"CRM to Books Deal Custom Module Data Sync, keep CRM ID to Books and Books ID to CRM",1.65,0.00,0.000,49.50,,30.00,,,,,,false,false,false,false,false,false,false,false,false,false,false,false,false,false,false,false,false,Mr. Paul Adriaanse,,,,Florida,U.S.A,,1-800-573-7529,,,,,,,,,,,,,0.00,,,info@proplaygrounds.com,,,,,,,,,Sales,,,,,,,,
2025-11-30,7451241000000135020,INV-000015,,Closed,7451241000000112573,Pro Playground,,true,2025-12-07,,USD,1.00,item_level,true,Easy - USD,0.00,558.60,558.60,0.00,0.00,0.00,0.00,Adjustment,,2026-01-02,7,Net 7,0.00,0.00,,Thanks for your business.,,0.0,0.00,,,,,,,Proplaygrounds Accounts Check Widget,2.86,0.00,0.000,85.80,,30.00,,,,,,false,false,false,false,false,false,false,false,false,false,false,false,false,false,false,false,false,Mr. Paul Adriaanse,,,,Florida,U.S.A,,1-800-573-7529,,,,,,,,,,,,,0.00,,,info@proplaygrounds.com,,,,,,,,,Sales,,,,,,,,
2025-11-30,7451241000000135020,INV-000015,,Closed,7451241000000112573,Pro Playground,,true,2025-12-07,,USD,1.00,item_level,true,Easy - USD,0.00,558.60,558.60,0.00,0.00,0.00,0.00,Adjustment,,2026-01-02,7,Net 7,0.00,0.00,,Thanks for your business.,,0.0,0.00,,,,,,,Proplaygrounds Zoho Books Deal Sync Function Update,3.69,0.00,0.000,110.70,,30.00,,,,,,false,false,false,false,false,false,false,false,false,false,false,false,false,false,false,false,false,Mr. Paul Adriaanse,,,,Florida,U.S.A,,1-800-573-7529,,,,,,,,,,,,,0.00,,,info@proplaygrounds.com,,,,,,,,,Sales,,,,,,,,
2025-11-30,7451241000000135043,INV-000016,,Closed,7451241000000112755,Informatix Pty Ltd,,true,2025-12-07,,AUD,0.655143,item_level,true,Easy - AUD,0.00,136.80,136.80,0.00,0.00,0.00,0.00,Adjustment,,2025-12-07,7,Net 7,0.00,0.00,,Thanks for your business.,,0.0,0.00,,,,,,,RetroClean Email Template Automation,2.53,0.00,0.000,113.85,,45.00,,,,,,false,false,false,false,false,false,false,false,false,false,false,false,false,false,false,false,false,John Makras,"17 Grevillea Street Mount Gravatt
East",,QLD,,Australia,4122,,,,,,,,,,,,,,0.00,,,info@informatix.com.au,,,,,,,,,Sales,,,,,,,,
2025-11-30,7451241000000135043,INV-000016,,Closed,7451241000000112755,Informatix Pty Ltd,,true,2025-12-07,,AUD,0.655143,item_level,true,Easy - AUD,0.00,136.80,136.80,0.00,0.00,0.00,0.00,Adjustment,,2025-12-07,7,Net 7,0.00,0.00,,Thanks for your business.,,0.0,0.00,,,,,,,Solar Surge Call module date time issue,0.51,0.00,0.000,22.95,,45.00,,,,,,false,false,false,false,false,false,false,false,false,false,false,false,false,false,false,false,false,John Makras,"17 Grevillea Street Mount Gravatt
East",,QLD,,Australia,4122,,,,,,,,,,,,,,0.00,,,info@informatix.com.au,,,,,,,,,Sales,,,,,,,,
2025-11-30,7451241000000135057,INV-000017,,Closed,7451241000000112537,WOLQ B.V,,true,2025-12-07,,EUR,1.160097,item_level,true,Easy - EUR,0.00,1462.80,1462.80,0.00,0.00,0.00,0.00,Adjustment,,2025-12-31,7,Net 7,0.00,0.00,,Thanks for your business.,,0.0,0.00,,,,,,Ongoing Zoho Support,,73.14,0.00,0.000,1462.80,,20.00,7451241000000112865,,,,,false,false,false,false,false,false,false,false,false,false,false,false,false,false,false,false,false,Mr. Ralph,"Brother Waltz 25
 ZT",,Helmond,Noord-Brabant,Netherlands,5708,,,,,,,,,,,,,,0.00,,,ralph@wolq.nl,,,,,,,,,Sales,,,,,,,,
2025-12-07,7451241000000145001,INV-000018,,Closed,7451241000000099013,AptaVista Consulting,,true,2025-12-14,,USD,1.00,item_level,true,Easy - USD,0.00,500.00,500.00,0.00,0.00,0.00,0.00,Adjustment,,2025-12-07,7,Net 7,0.00,0.00,,Thanks for your business.,,0.0,0.00,,,,,,,"AI Integration, Phase II work",1.00,0.00,0.000,500.00,,500.00,,,,,,false,false,false,false,false,false,false,false,false,false,false,false,false,false,false,false,false,Mr. Lee Najjar,,,,,U.S.A,,,,,,,,,,,,,,,0.00,,,lee@aptavista.com,,703-326-0670,,,,,,,Sales,,,,,,,,
2025-12-12,7451241000000157012,INV-000019,,Closed,7451241000000112505,Zoho Canada Corporation,,true,2025-12-27,,CAD,0.725968,item_level,true,Easy - CAD,0.00,817.73,817.73,0.00,0.00,0.00,0.00,Adjustment,,2026-01-07,15,Net 15,0.00,0.00,,Thanks for your business.,,0.0,0.00,,,,,,Partners Commission,Partners Commission from Zoho,1.00,0.00,0.000,817.73,,817.73,7451241000000157001,,,,,false,false,false,false,false,false,false,false,false,false,false,false,false,false,false,false,false,Zoho Canada Corporation,"705 Cotton Mill Street,
Unit 116",,Cornwall,Ontario,Canada,K6H 7K7,,,,,,,,,,,,,,0.00,,,,,,,,,,,,General Income,,,,,,,,
2025-12-19,7451241000000159012,INV-000020,,Closed,7451241000000112623,Sydney CRM Development,,true,2025-12-26,,AUD,0.660785,item_level,true,Easy - AUD,0.00,644.45,644.45,0.00,0.00,0.00,0.00,Adjustment,,2025-12-20,7,Net 7,0.00,0.00,,Thanks for your business.,,0.0,0.00,,,,,,Ongoing Widget Development,"From Dec 01 to Dec 15, 2025, USD 15 = AUD 22.70",28.39,0.00,0.000,644.45,,22.70,7451241000000159001,,,,,false,false,false,false,false,false,false,false,false,false,false,false,false,false,false,false,false,,,,,,,,,,,,,,,,,,,,,0.00,,"From Dec 01 to Dec 15, 2025",zamil-uddin123@hotmail.com,,,,,,,,,Sales,,,,,,,,
2025-12-31,7451241000000167001,INV-000021,,Closed,7451241000000112537,WOLQ B.V,,true,2026-01-07,,EUR,1.173252,item_level,true,Easy - EUR,0.00,1716.40,1716.40,0.00,0.00,0.00,0.00,Adjustment,,2026-01-20,7,Net 7,0.00,0.00,,Thanks for your business.,,0.0,0.00,,,,,,Ongoing Widget Development,By Rahul,58.15,0.00,0.000,1163.00,,20.00,7451241000000159001,,,,,false,false,false,false,false,false,false,false,false,false,false,false,false,false,false,false,false,Mr. Ralph,"Brother Waltz 25
 ZT",,Helmond,Noord-Brabant,Netherlands,5708,,,,,,,,,,,,,,0.00,,For December 2025,ralph@wolq.nl,,,,,,,,,Sales,,,,,,,,
2025-12-31,7451241000000167001,INV-000021,,Closed,7451241000000112537,WOLQ B.V,,true,2026-01-07,,EUR,1.173252,item_level,true,Easy - EUR,0.00,1716.40,1716.40,0.00,0.00,0.00,0.00,Adjustment,,2026-01-20,7,Net 7,0.00,0.00,,Thanks for your business.,,0.0,0.00,,,,,,Custom Deluge Scripts,"by Abdul Kader for Creator, Detailed Time sheet in Excel FIle
https://docs.google.com/spreadsheets/d/1sWt-6e0uhfJv31D-OyX2DzUBnSMSbL9-AlCcaY6FK-s/edit?gid=0#gid=0",27.67,0.00,0.000,553.40,,20.00,7451241000000111019,,,,,false,false,false,false,false,false,false,false,false,false,false,false,false,false,false,false,false,Mr. Ralph,"Brother Waltz 25
 ZT",,Helmond,Noord-Brabant,Netherlands,5708,,,,,,,,,,,,,,0.00,,For December 2025,ralph@wolq.nl,,,,,,,,,Sales,,,,,,,,
2025-12-31,7451241000000167016,INV-000022,,Closed,7451241000000112623,Sydney CRM Development,,true,2026-01-07,,AUD,0.667016,item_level,true,Easy - AUD,0.00,3619.69,3619.69,0.00,0.00,0.00,0.00,Adjustment,,2026-01-03,7,Net 7,0.00,0.00,,Thanks for your business.,,0.0,0.00,,,,,,Ongoing Widget Development,15 USD = 22.47 AUD,161.09,0.00,0.000,3619.69,,22.47,7451241000000159001,,,,,false,false,false,false,false,false,false,false,false,false,false,false,false,false,false,false,false,,,,,,,,,,,,,,,,,,,,,0.00,,for Dec 16 to Dec 31,zamil-uddin123@hotmail.com,,,,,,,,,Sales,,,,,,,,
2025-12-31,7451241000000167028,INV-000023,,Closed,7451241000000112755,Informatix Pty Ltd,,true,2026-01-07,,AUD,0.667016,item_level,true,Easy - AUD,0.00,215.55,215.55,0.00,0.00,0.00,0.00,Adjustment,,2026-01-03,7,Net 7,0.00,0.00,,Thanks for your business.,,0.0,0.00,,,,,,,Solar Surge Call module date time issue,0.43,0.00,0.000,19.35,,45.00,,,,,,false,false,false,false,false,false,false,false,false,false,false,false,false,false,false,false,false,John Makras,"17 Grevillea Street Mount Gravatt
East",,QLD,,Australia,4122,,,,,,,,,,,,,,0.00,,Tasks for December 2025,info@informatix.com.au,,,,,,,,,Sales,,,,,,,,
2025-12-31,7451241000000167028,INV-000023,,Closed,7451241000000112755,Informatix Pty Ltd,,true,2026-01-07,,AUD,0.667016,item_level,true,Easy - AUD,0.00,215.55,215.55,0.00,0.00,0.00,0.00,Adjustment,,2026-01-03,7,Net 7,0.00,0.00,,Thanks for your business.,,0.0,0.00,,,,,,,Solar Surge Activities automation,2.79,0.00,0.000,125.55,,45.00,,,,,,false,false,false,false,false,false,false,false,false,false,false,false,false,false,false,false,false,John Makras,"17 Grevillea Street Mount Gravatt
East",,QLD,,Australia,4122,,,,,,,,,,,,,,0.00,,Tasks for December 2025,info@informatix.com.au,,,,,,,,,Sales,,,,,,,,
2025-12-31,7451241000000167028,INV-000023,,Closed,7451241000000112755,Informatix Pty Ltd,,true,2026-01-07,,AUD,0.667016,item_level,true,Easy - AUD,0.00,215.55,215.55,0.00,0.00,0.00,0.00,Adjustment,,2026-01-03,7,Net 7,0.00,0.00,,Thanks for your business.,,0.0,0.00,,,,,,,Solar Surge Deal Follow Up Automation,1.04,0.00,0.000,46.80,,45.00,,,,,,false,false,false,false,false,false,false,false,false,false,false,false,false,false,false,false,false,John Makras,"17 Grevillea Street Mount Gravatt
East",,QLD,,Australia,4122,,,,,,,,,,,,,,0.00,,Tasks for December 2025,info@informatix.com.au,,,,,,,,,Sales,,,,,,,,
2025-12-31,7451241000000167028,INV-000023,,Closed,7451241000000112755,Informatix Pty Ltd,,true,2026-01-07,,AUD,0.667016,item_level,true,Easy - AUD,0.00,215.55,215.55,0.00,0.00,0.00,0.00,Adjustment,,2026-01-03,7,Net 7,0.00,0.00,,Thanks for your business.,,0.0,0.00,,,,,,,Solar Surge Deal pipeline bulk update,0.53,0.00,0.000,23.85,,45.00,,,,,,false,false,false,false,false,false,false,false,false,false,false,false,false,false,false,false,false,John Makras,"17 Grevillea Street Mount Gravatt
East",,QLD,,Australia,4122,,,,,,,,,,,,,,0.00,,Tasks for December 2025,info@informatix.com.au,,,,,,,,,Sales,,,,,,,,
2025-12-31,7451241000000167046,INV-000024,,Closed,7451241000000112573,Pro Playground,,true,2026-01-07,,USD,1.00,item_level,true,Easy - USD,0.00,451.20,451.20,0.00,0.00,0.00,0.00,Adjustment,,2026-02-09,7,Net 7,0.00,0.00,,Thanks for your business.,,0.0,0.00,,,,,,,Proplaygrounds MiscellaneousTasks,1.00,0.00,0.000,30.00,,30.00,,,,,,false,false,false,false,false,false,false,false,false,false,false,false,false,false,false,false,false,Mr. Paul Adriaanse,,,,Florida,U.S.A,,1-800-573-7529,,,,,,,,,,,,,0.00,,,info@proplaygrounds.com,,,,,,,,,Sales,,,,,,,,
2025-12-31,7451241000000167046,INV-000024,,Closed,7451241000000112573,Pro Playground,,true,2026-01-07,,USD,1.00,item_level,true,Easy - USD,0.00,451.20,451.20,0.00,0.00,0.00,0.00,Adjustment,,2026-02-09,7,Net 7,0.00,0.00,,Thanks for your business.,,0.0,0.00,,,,,,,Proplaygrounds Zoho Books Deals Module Automation,6.34,0.00,0.000,190.20,,30.00,,,,,,false,false,false,false,false,false,false,false,false,false,false,false,false,false,false,false,false,Mr. Paul Adriaanse,,,,Florida,U.S.A,,1-800-573-7529,,,,,,,,,,,,,0.00,,,info@proplaygrounds.com,,,,,,,,,Sales,,,,,,,,
2025-12-31,7451241000000167046,INV-000024,,Closed,7451241000000112573,Pro Playground,,true,2026-01-07,,USD,1.00,item_level,true,Easy - USD,0.00,451.20,451.20,0.00,0.00,0.00,0.00,Adjustment,,2026-02-09,7,Net 7,0.00,0.00,,Thanks for your business.,,0.0,0.00,,,,,,,Proplaygrounds Books Quote Module Automation,4.00,0.00,0.000,120.00,,30.00,,,,,,false,false,false,false,false,false,false,false,false,false,false,false,false,false,false,false,false,Mr. Paul Adriaanse,,,,Florida,U.S.A,,1-800-573-7529,,,,,,,,,,,,,0.00,,,info@proplaygrounds.com,,,,,,,,,Sales,,,,,,,,
2025-12-31,7451241000000167046,INV-000024,,Closed,7451241000000112573,Pro Playground,,true,2026-01-07,,USD,1.00,item_level,true,Easy - USD,0.00,451.20,451.20,0.00,0.00,0.00,0.00,Adjustment,,2026-02-09,7,Net 7,0.00,0.00,,Thanks for your business.,,0.0,0.00,,,,,,,Proplaygrounds Deal Blueprint Widget Version 2,3.70,0.00,0.000,111.00,,30.00,,,,,,false,false,false,false,false,false,false,false,false,false,false,false,false,false,false,false,false,Mr. Paul Adriaanse,,,,Florida,U.S.A,,1-800-573-7529,,,,,,,,,,,,,0.00,,,info@proplaygrounds.com,,,,,,,,,Sales,,,,,,,,
2025-12-31,7451241000000167073,INV-000025,,Closed,7451241000000112555,Home Espana La Zenia S.L,,true,2026-01-07,,EUR,1.173252,item_level,true,Easy - EUR,0.00,555.00,555.00,0.00,0.00,0.00,0.00,Adjustment,,2026-01-05,7,Net 7,0.00,0.00,,Thanks for your business.,,0.0,0.00,,,,,,,Hippotaken SalesSheet Automation update existing function Field Mapping,2.26,0.00,0.000,67.80,,30.00,,,,,,false,false,false,false,false,false,false,false,false,false,false,false,false,false,false,false,false,Mr. Raj Kumar Sirwani,,,,,Spain,,,,,,,,,,,,,,,0.00,,,Raj@hipoteken.com,,,,,,,,,Sales,,,,,,,,Towmir
2025-12-31,7451241000000167073,INV-000025,,Closed,7451241000000112555,Home Espana La Zenia S.L,,true,2026-01-07,,EUR,1.173252,item_level,true,Easy - EUR,0.00,555.00,555.00,0.00,0.00,0.00,0.00,Adjustment,,2026-01-05,7,Net 7,0.00,0.00,,Thanks for your business.,,0.0,0.00,,,,,,,Bug Fixing for XML,5.50,0.00,0.000,165.00,,30.00,,,,,,false,false,false,false,false,false,false,false,false,false,false,false,false,false,false,false,false,Mr. Raj Kumar Sirwani,,,,,Spain,,,,,,,,,,,,,,,0.00,,,Raj@hipoteken.com,,,,,,,,,Sales,,,,,,,,Towmir
2025-12-31,7451241000000167073,INV-000025,,Closed,7451241000000112555,Home Espana La Zenia S.L,,true,2026-01-07,,EUR,1.173252,item_level,true,Easy - EUR,0.00,555.00,555.00,0.00,0.00,0.00,0.00,Adjustment,,2026-01-05,7,Net 7,0.00,0.00,,Thanks for your business.,,0.0,0.00,,,,,,,Home Espana Products Module Function Run,0.67,0.00,0.000,20.10,,30.00,,,,,,false,false,false,false,false,false,false,false,false,false,false,false,false,false,false,false,false,Mr. Raj Kumar Sirwani,,,,,Spain,,,,,,,,,,,,,,,0.00,,,Raj@hipoteken.com,,,,,,,,,Sales,,,,,,,,Towmir
2025-12-31,7451241000000167073,INV-000025,,Closed,7451241000000112555,Home Espana La Zenia S.L,,true,2026-01-07,,EUR,1.173252,item_level,true,Easy - EUR,0.00,555.00,555.00,0.00,0.00,0.00,0.00,Adjustment,,2026-01-05,7,Net 7,0.00,0.00,,Thanks for your business.,,0.0,0.00,,,,,,,"Home Espana Photo widget modification, Resize Issue",7.50,0.00,0.000,225.00,,30.00,,,,,,false,false,false,false,false,false,false,false,false,false,false,false,false,false,false,false,false,Mr. Raj Kumar Sirwani,,,,,Spain,,,,,,,,,,,,,,,0.00,,,Raj@hipoteken.com,,,,,,,,,Sales,,,,,,,,Towmir
2025-12-31,7451241000000167073,INV-000025,,Closed,7451241000000112555,Home Espana La Zenia S.L,,true,2026-01-07,,EUR,1.173252,item_level,true,Easy - EUR,0.00,555.00,555.00,0.00,0.00,0.00,0.00,Adjustment,,2026-01-05,7,Net 7,0.00,0.00,,Thanks for your business.,,0.0,0.00,,,,,,,Home espana Pdf utility,0.25,0.00,0.000,7.50,,30.00,,,,,,false,false,false,false,false,false,false,false,false,false,false,false,false,false,false,false,false,Mr. Raj Kumar Sirwani,,,,,Spain,,,,,,,,,,,,,,,0.00,,,Raj@hipoteken.com,,,,,,,,,Sales,,,,,,,,Towmir
2025-12-31,7451241000000167073,INV-000025,,Closed,7451241000000112555,Home Espana La Zenia S.L,,true,2026-01-07,,EUR,1.173252,item_level,true,Easy - EUR,0.00,555.00,555.00,0.00,0.00,0.00,0.00,Adjustment,,2026-01-05,7,Net 7,0.00,0.00,,Thanks for your business.,,0.0,0.00,,,,,,,Home Espana Update img url,0.50,0.00,0.000,15.00,,30.00,,,,,,false,false,false,false,false,false,false,false,false,false,false,false,false,false,false,false,false,Mr. Raj Kumar Sirwani,,,,,Spain,,,,,,,,,,,,,,,0.00,,,Raj@hipoteken.com,,,,,,,,,Sales,,,,,,,,Towmir
2025-12-31,7451241000000167073,INV-000025,,Closed,7451241000000112555,Home Espana La Zenia S.L,,true,2026-01-07,,EUR,1.173252,item_level,true,Easy - EUR,0.00,555.00,555.00,0.00,0.00,0.00,0.00,Adjustment,,2026-01-05,7,Net 7,0.00,0.00,,Thanks for your business.,,0.0,0.00,,,,,,,Home Espana Record Image Link Issue,0.27,0.00,0.000,8.10,,30.00,,,,,,false,false,false,false,false,false,false,false,false,false,false,false,false,false,false,false,false,Mr. Raj Kumar Sirwani,,,,,Spain,,,,,,,,,,,,,,,0.00,,,Raj@hipoteken.com,,,,,,,,,Sales,,,,,,,,Towmir
2025-12-31,7451241000000167073,INV-000025,,Closed,7451241000000112555,Home Espana La Zenia S.L,,true,2026-01-07,,EUR,1.173252,item_level,true,Easy - EUR,0.00,555.00,555.00,0.00,0.00,0.00,0.00,Adjustment,,2026-01-05,7,Net 7,0.00,0.00,,Thanks for your business.,,0.0,0.00,,,,,,,Home espana Profile Image Url Issue,1.55,0.00,0.000,46.50,,30.00,,,,,,false,false,false,false,false,false,false,false,false,false,false,false,false,false,false,false,false,Mr. Raj Kumar Sirwani,,,,,Spain,,,,,,,,,,,,,,,0.00,,,Raj@hipoteken.com,,,,,,,,,Sales,,,,,,,,Towmir
2025-12-31,7451241000000167192,INV-000026,,Closed,7451241000000112519,Boosted,,true,2026-01-07,,USD,1.00,item_level,true,Easy - USD,0.00,500.00,500.00,0.00,0.00,0.00,0.00,Adjustment,,2025-12-31,7,Net 7,0.00,0.00,,Thanks for your business.,,0.0,0.00,,,,,,Custom Deluge Scripts,Custom Deluge Script,1.00,0.00,0.000,500.00,,500.00,7451241000000111019,,,,,false,false,false,false,false,false,false,false,false,false,false,false,false,false,false,false,false,Mr. Mark Fahimi,"200 Spectrum Center
Dr. #300",,Irvine,California,U.S.A,92618,,,,,,,,,,,,,,0.00,,,,,,,,,,,,Sales,,,,,,,,
2025-04-29,7451241000000185859,EMV-000006,,Closed,7451241000000112487,Everlasting Remodel,,false,2025-05-06,,USD,1.00,item_level,true,Easy - USD,0.00,50.10,50.00,0.00,0.00,0.00,-0.10,Adjustment,,2025-05-02,7,Net 7,0.00,0.00,,Thanks for your business.,,0.0,0.00,,,,,,Custom Deluge Support,Additional Work,1.67,0.00,0.00,50.10,,30.00,7451241000000179683,,,,,false,false,false,false,false,false,false,false,false,false,false,false,false,false,false,false,false,Mr. Yoav Hodd,4438 Ingraham St,,San Diego,California,U.S.A,92109,'+1 (858) 250-3233,,,,,,,,,,,,,0.00,,,Invoice@everlastingremodel.com,,'+1 (858) 250-3233,,,,,,,Sales,,,,,,,,
2025-05-01,7451241000000185903,EMV-000008,,Closed,7451241000000112519,Boosted,,false,2025-05-08,,USD,1.00,item_level,true,Easy - USD,0.00,1000.00,1000.00,0.00,0.00,0.00,0.00,Adjustment,,2025-05-01,7,Net 7,0.00,0.00,,Thanks for your business.,,0.0,0.00,,,,,,Zoho Customization,Ongoing Zoho Customization,1.00,0.00,0.00,1000.00,,1000.00,7451241000000093348,,,,,false,false,false,false,false,false,false,false,false,false,false,false,false,false,false,false,false,Mr. Mark Fahimi,"200 Spectrum Center
Dr. #300",,Irvine,California,U.S.A,92618,,,,,,,,,,,,,,0.00,,,,,,,,,,,,Sales,,,,,,,,
2025-05-01,7451241000000185925,EMV-000009,,Closed,7451241000000112555,Home Espana La Zenia S.L,,false,2025-05-08,,EUR,1.126631,item_level,true,Easy - USD,0.00,540.00,540.00,0.00,0.00,0.00,0.00,Adjustment,,2025-05-05,7,Net 7,0.00,0.00,,Thanks for your business.,,0.0,0.00,,,,,,Custom Deluge Support,For HomeEspana and Hipoteken (only .35 Hours),18.00,0.00,0.00,540.00,,30.00,7451241000000179683,,,,,false,false,false,false,false,false,false,false,false,false,false,false,false,false,false,false,false,Mr. Raj Kumar Sirwani,,,,,Spain,,,,,,,,,,,,,,,0.00,,,Raj@hipoteken.com,,,,,,,,,Sales,,,,,,,,
2025-05-01,7451241000000185945,EMV-000010,,Closed,7451241000000112573,Pro Playground,,false,2025-05-08,,USD,1.00,item_level,true,Easy - USD,0.00,240.00,240.00,0.00,0.00,0.00,0.00,Adjustment,,2025-05-02,7,Net 7,0.00,0.00,,Thanks for your business.,,0.0,0.00,,,,,,Custom Deluge Support,,8.00,0.00,0.00,240.00,,30.00,7451241000000179683,,,,,false,false,false,false,false,false,false,false,false,false,false,false,false,false,false,false,false,Mr. Paul Adriaanse,,,,Florida,U.S.A,,1-800-573-7529,,,,,,,,,,,,,0.00,,,info@proplaygrounds.com,,,,,,,,,Sales,,,,,,,,
2025-05-02,7451241000000186007,EMV-000013,,Closed,7451241000000112623,Sydney CRM Development,,false,2025-05-09,,AUD,0.64083,item_level,true,Easy - USD,0.00,336.26,336.26,0.00,0.00,0.00,0.00,Adjustment,,2025-05-03,7,Net 7,0.00,0.00,,Thanks for your business.,,0.0,0.00,,,,,,Custom Widget Development,'@15USD = 23.4 AUD,14.37,0.00,0.00,336.26,,23.40,7451241000000179648,,,,,false,false,false,false,false,false,false,false,false,false,false,false,false,false,false,false,false,,,,,,,,,,,,,,,,,,,,,0.00,,,zamil-uddin123@hotmail.com,,,,,,,,,Sales,,,,,,,,
2025-05-05,7451241000000186047,EMV-000015,,Closed,7451241000000112677,PJM Solutions,,false,2025-05-12,,AUD,0.64701,item_level,true,Easy - USD,0.00,3132.50,3132.50,0.00,0.00,0.00,0.00,Adjustment,,2025-05-19,7,Net 7,0.00,0.00,,Thanks for your business.,,0.0,0.00,,,,,,,"Total Logged Hours for June, 6 Hours",6.00,0.00,0.00,270.00,,45.00,,,,,,false,false,false,false,false,false,false,false,false,false,false,false,false,false,false,false,false,,,,,,,,,,,,,,,,,,,,,0.00,,,peterm@pjm.com.au,,,,,,,,,Sales,,,,,,,,
2025-05-05,7451241000000186047,EMV-000015,,Closed,7451241000000112677,PJM Solutions,,false,2025-05-12,,AUD,0.64701,item_level,true,Easy - USD,0.00,3132.50,3132.50,0.00,0.00,0.00,0.00,Adjustment,,2025-05-19,7,Net 7,0.00,0.00,,Thanks for your business.,,0.0,0.00,,,,,,,Total Logged Hours for August,0.50,0.00,0.00,22.50,,45.00,,,,,,false,false,false,false,false,false,false,false,false,false,false,false,false,false,false,false,false,,,,,,,,,,,,,,,,,,,,,0.00,,,peterm@pjm.com.au,,,,,,,,,Sales,,,,,,,,
2025-05-05,7451241000000186047,EMV-000015,,Closed,7451241000000112677,PJM Solutions,,false,2025-05-12,,AUD,0.64701,item_level,true,Easy - USD,0.00,3132.50,3132.50,0.00,0.00,0.00,0.00,Adjustment,,2025-05-19,7,Net 7,0.00,0.00,,Thanks for your business.,,0.0,0.00,,,,,,,Total Logged Hours for September,2.00,0.00,0.00,90.00,,45.00,,,,,,false,false,false,false,false,false,false,false,false,false,false,false,false,false,false,false,false,,,,,,,,,,,,,,,,,,,,,0.00,,,peterm@pjm.com.au,,,,,,,,,Sales,,,,,,,,
2025-05-05,7451241000000186047,EMV-000015,,Closed,7451241000000112677,PJM Solutions,,false,2025-05-12,,AUD,0.64701,item_level,true,Easy - USD,0.00,3132.50,3132.50,0.00,0.00,0.00,0.00,Adjustment,,2025-05-19,7,Net 7,0.00,0.00,,Thanks for your business.,,0.0,0.00,,,,,,,50% of Calendar Widget and All Events Widget,1.00,0.00,0.00,1750.00,,1750.00,,,,,,false,false,false,false,false,false,false,false,false,false,false,false,false,false,false,false,false,,,,,,,,,,,,,,,,,,,,,0.00,,,peterm@pjm.com.au,,,,,,,,,Sales,,,,,,,,
2025-05-05,7451241000000186047,EMV-000015,,Closed,7451241000000112677,PJM Solutions,,false,2025-05-12,,AUD,0.64701,item_level,true,Easy - USD,0.00,3132.50,3132.50,0.00,0.00,0.00,0.00,Adjustment,,2025-05-19,7,Net 7,0.00,0.00,,Thanks for your business.,,0.0,0.00,,,,,,,History Widget,1.00,0.00,0.00,1000.00,,1000.00,,,,,,false,false,false,false,false,false,false,false,false,false,false,false,false,false,false,false,false,,,,,,,,,,,,,,,,,,,,,0.00,,,peterm@pjm.com.au,,,,,,,,,Sales,,,,,,,,
2025-05-09,7451241000000186075,EMV-000016,,Closed,7451241000000112537,WOLQ B.V,,false,2025-05-16,,EUR,1.121864,item_level,true,Easy - USD,0.00,1357.50,1357.50,0.00,0.00,0.00,0.00,Adjustment,,2025-05-09,7,Net 7,0.00,0.00,,Thanks for your business.,,0.0,0.00,,,,,,Custom Widget Development,Lab 21 - Connector Widget,30.00,0.00,0.00,450.00,,15.00,7451241000000179648,,,,,false,false,false,false,false,false,false,false,false,false,false,false,false,false,false,false,false,Mr. Ralph,"Brother Waltz 25
 ZT",,Helmond,Noord-Brabant,Netherlands,5708,,,,,,,,,,,,,,0.00,,,ralph@wolq.nl,,,,,,,,,Sales,,,,,,,,
2025-05-09,7451241000000186075,EMV-000016,,Closed,7451241000000112537,WOLQ B.V,,false,2025-05-16,,EUR,1.121864,item_level,true,Easy - USD,0.00,1357.50,1357.50,0.00,0.00,0.00,0.00,Adjustment,,2025-05-09,7,Net 7,0.00,0.00,,Thanks for your business.,,0.0,0.00,,,,,,Custom Deluge Support,Lab21 - Workflow Deluge for Generating Lat and Lgn,5.32,0.00,0.00,159.60,,30.00,7451241000000179683,,,,,false,false,false,false,false,false,false,false,false,false,false,false,false,false,false,false,false,Mr. Ralph,"Brother Waltz 25
 ZT",,Helmond,Noord-Brabant,Netherlands,5708,,,,,,,,,,,,,,0.00,,,ralph@wolq.nl,,,,,,,,,Sales,,,,,,,,
2025-05-09,7451241000000186075,EMV-000016,,Closed,7451241000000112537,WOLQ B.V,,false,2025-05-16,,EUR,1.121864,item_level,true,Easy - USD,0.00,1357.50,1357.50,0.00,0.00,0.00,0.00,Adjustment,,2025-05-09,7,Net 7,0.00,0.00,,Thanks for your business.,,0.0,0.00,,,,,,Custom Deluge Support,Lab 21 - Automated Record Creation in Meeting in CRM,2.42,0.00,0.00,72.60,,30.00,7451241000000179683,,,,,false,false,false,false,false,false,false,false,false,false,false,false,false,false,false,false,false,Mr. Ralph,"Brother Waltz 25
 ZT",,Helmond,Noord-Brabant,Netherlands,5708,,,,,,,,,,,,,,0.00,,,ralph@wolq.nl,,,,,,,,,Sales,,,,,,,,
2025-05-09,7451241000000186075,EMV-000016,,Closed,7451241000000112537,WOLQ B.V,,false,2025-05-16,,EUR,1.121864,item_level,true,Easy - USD,0.00,1357.50,1357.50,0.00,0.00,0.00,0.00,Adjustment,,2025-05-09,7,Net 7,0.00,0.00,,Thanks for your business.,,0.0,0.00,,,,,,Custom Deluge Support,Lab21 - Create Quote from Quote Button,2.21,0.00,0.00,66.30,,30.00,7451241000000179683,,,,,false,false,false,false,false,false,false,false,false,false,false,false,false,false,false,false,false,Mr. Ralph,"Brother Waltz 25
 ZT",,Helmond,Noord-Brabant,Netherlands,5708,,,,,,,,,,,,,,0.00,,,ralph@wolq.nl,,,,,,,,,Sales,,,,,,,,
2025-05-09,7451241000000186075,EMV-000016,,Closed,7451241000000112537,WOLQ B.V,,false,2025-05-16,,EUR,1.121864,item_level,true,Easy - USD,0.00,1357.50,1357.50,0.00,0.00,0.00,0.00,Adjustment,,2025-05-09,7,Net 7,0.00,0.00,,Thanks for your business.,,0.0,0.00,,,,,,Custom Deluge Support,Assignment of Showroom Appointment,2.00,0.00,0.00,60.00,,30.00,7451241000000179683,,,,,false,false,false,false,false,false,false,false,false,false,false,false,false,false,false,false,false,Mr. Ralph,"Brother Waltz 25
 ZT",,Helmond,Noord-Brabant,Netherlands,5708,,,,,,,,,,,,,,0.00,,,ralph@wolq.nl,,,,,,,,,Sales,,,,,,,,
2025-05-09,7451241000000186075,EMV-000016,,Closed,7451241000000112537,WOLQ B.V,,false,2025-05-16,,EUR,1.121864,item_level,true,Easy - USD,0.00,1357.50,1357.50,0.00,0.00,0.00,0.00,Adjustment,,2025-05-09,7,Net 7,0.00,0.00,,Thanks for your business.,,0.0,0.00,,,,,,Custom Widget Development,Residence32 - Cleaning and PO Automation,20.00,0.00,0.00,300.00,,15.00,7451241000000179648,,,,,false,false,false,false,false,false,false,false,false,false,false,false,false,false,false,false,false,Mr. Ralph,"Brother Waltz 25
 ZT",,Helmond,Noord-Brabant,Netherlands,5708,,,,,,,,,,,,,,0.00,,,ralph@wolq.nl,,,,,,,,,Sales,,,,,,,,
2025-05-09,7451241000000186075,EMV-000016,,Closed,7451241000000112537,WOLQ B.V,,false,2025-05-16,,EUR,1.121864,item_level,true,Easy - USD,0.00,1357.50,1357.50,0.00,0.00,0.00,0.00,Adjustment,,2025-05-09,7,Net 7,0.00,0.00,,Thanks for your business.,,0.0,0.00,,,,,,Custom Widget Development,Residence32 - Mass Cleaner Select Function Widget,5.30,0.00,0.00,159.00,,30.00,7451241000000179648,,,,,false,false,false,false,false,false,false,false,false,false,false,false,false,false,false,false,false,Mr. Ralph,"Brother Waltz 25
 ZT",,Helmond,Noord-Brabant,Netherlands,5708,,,,,,,,,,,,,,0.00,,,ralph@wolq.nl,,,,,,,,,Sales,,,,,,,,
2025-05-09,7451241000000186075,EMV-000016,,Closed,7451241000000112537,WOLQ B.V,,false,2025-05-16,,EUR,1.121864,item_level,true,Easy - USD,0.00,1357.50,1357.50,0.00,0.00,0.00,0.00,Adjustment,,2025-05-09,7,Net 7,0.00,0.00,,Thanks for your business.,,0.0,0.00,,,,,,Custom Deluge Support,ChatGPT Automation,3.00,0.00,0.00,90.00,,30.00,7451241000000179683,,,,,false,false,false,false,false,false,false,false,false,false,false,false,false,false,false,false,false,Mr. Ralph,"Brother Waltz 25
 ZT",,Helmond,Noord-Brabant,Netherlands,5708,,,,,,,,,,,,,,0.00,,,ralph@wolq.nl,,,,,,,,,Sales,,,,,,,,
2025-05-11,7451241000000186113,EMV-000017,,Closed,7451241000000112695,Upwork,,false,2025-05-18,,USD,1.00,item_level,true,Easy - USD,0.00,710.80,710.80,0.00,0.00,0.00,0.00,Adjustment,,2025-05-11,7,Net 7,0.00,0.00,,Thanks for your business.,,0.0,0.00,,,,,,,Payment from Upwork,1.00,0.00,0.00,710.80,,710.80,,,,,,false,false,false,false,false,false,false,false,false,false,false,false,false,false,false,false,false,,,,,,,,,,,,,,,,,,,,,0.00,,,,,,,,,,,,Sales,,,,,,,,
2025-05-11,7451241000000186133,EMV-000018,,Closed,7451241000000112709,Fiverr,,false,2025-05-18,,USD,1.00,item_level,true,Easy - USD,0.00,364.83,364.83,0.00,0.00,0.00,0.00,Adjustment,,2025-05-11,7,Net 7,0.00,0.00,,Thanks for your business.,,0.0,0.00,,,,,,,Payment from Fiverr,1.00,0.00,0.00,364.83,,364.83,,,,,,false,false,false,false,false,false,false,false,false,false,false,false,false,false,false,false,false,,,,,,,,,,,,,,,,,,,,,0.00,,,,,,,,,,,,Sales,,,,,,,,
2025-05-16,7451241000000186153,EMV-000019,,Closed,7451241000000112623,Sydney CRM Development,,false,2025-05-23,,AUD,0.642031,item_level,true,Easy - USD,0.00,197.63,197.63,0.00,0.00,0.00,0.00,Adjustment,,2025-05-17,7,Net 7,0.00,0.00,,Thanks for your business.,,0.0,0.00,,,,,,Custom Widget Development,15USD = 23.36 AUD,8.46,0.00,0.00,197.63,,23.36,7451241000000179648,,,,,false,false,false,false,false,false,false,false,false,false,false,false,false,false,false,false,false,,,,,,,,,,,,,,,,,,,,,0.00,,,zamil-uddin123@hotmail.com,,,,,,,,,Sales,,,,,,,,
2025-05-18,7451241000000186173,EMV-000020,,Closed,7451241000000112659,Pool Care Specialists,,false,2025-05-25,,USD,1.00,item_level,true,Easy - USD,0.00,300.00,300.00,0.00,0.00,0.00,0.00,Adjustment,,2025-05-18,7,Net 7,0.00,0.00,,Thanks for your business.,,0.0,0.00,,,,,,Custom Widget Development,Working on Sync Between Books and PoolBrain,1.00,0.00,0.00,300.00,,300.00,7451241000000179648,,,,,false,false,false,false,false,false,false,false,false,false,false,false,false,false,false,false,false,Doug Holcombe,"2201 Long Prairie Rd Ste 107-123
Flower Mound",,,Texas,U.S.A,75022,,,,,,,,,,,,,,0.00,,,doug@poolcarespecialists.com,,972-829-8485,,,,,,,Sales,,,,,,,,
2025-02-03,7451241000000186193,EMV-000021,,Void,7451241000000112415,Insta Web Works Pty Ltd,,false,2025-02-18,,USD,1.00,item_level,true,Easy - USD,0.00,4512.50,4512.50,0.00,0.00,4512.50,0.00,Adjustment,,,15,Net 15,0.00,0.00,,Thanks for your business.,,0.0,0.00,,,,,,Custom Deluge Support,,75.00,0.00,0.00,1875.00,,25.00,7451241000000179683,,,,,false,false,false,false,false,false,false,false,false,false,false,false,false,false,false,false,false,Mahmudul Hassan,"12 Dimboola Rd, Broadmeadows",,Melbourne,Victoria,Australia,3047,,,,,,,,,,,,,,0.00,,,info@instawebworks.com.au,,,,,,,,,Sales,,,,,,,,
2025-02-03,7451241000000186193,EMV-000021,,Void,7451241000000112415,Insta Web Works Pty Ltd,,false,2025-02-18,,USD,1.00,item_level,true,Easy - USD,0.00,4512.50,4512.50,0.00,0.00,4512.50,0.00,Adjustment,,,15,Net 15,0.00,0.00,,Thanks for your business.,,0.0,0.00,,,,,,Custom Widget Development,,105.50,0.00,0.00,2637.50,,25.00,7451241000000179648,,,,,false,false,false,false,false,false,false,false,false,false,false,false,false,false,false,false,false,Mahmudul Hassan,"12 Dimboola Rd, Broadmeadows",,Melbourne,Victoria,Australia,3047,,,,,,,,,,,,,,0.00,,,info@instawebworks.com.au,,,,,,,,,Sales,,,,,,,,
2025-06-01,7451241000000186209,EMV-000022,,Closed,7451241000000112519,Boosted,,false,2025-06-08,,USD,1.00,item_level,true,Easy - USD,0.00,1000.00,1000.00,0.00,0.00,0.00,0.00,Adjustment,,2025-06-01,7,Net 7,0.00,0.00,,Thanks for your business.,,0.0,0.00,,,,,,Zoho Customization,Ongoing Zoho Customization,1.00,0.00,0.00,1000.00,,1000.00,7451241000000093348,,,,,false,false,false,false,false,false,false,false,false,false,false,false,false,false,false,false,false,Mr. Mark Fahimi,"200 Spectrum Center
Dr. #300",,Irvine,California,U.S.A,92618,,,,,,,,,,,,,,0.00,,,,,,,,,,,,Sales,,,,,,,,
2025-06-02,7451241000000186269,EMV-000025,,Closed,7451241000000112623,Sydney CRM Development,,false,2025-06-09,,AUD,0.645037,item_level,true,Easy - USD,0.00,170.19,170.19,0.00,0.00,0.00,0.00,Adjustment,,2025-06-03,7,Net 7,0.00,0.00,,Thanks for your business.,,0.0,0.00,,,,,,Custom Widget Development,15 usd = 23.25 aud,7.32,0.00,0.00,170.19,,23.25,7451241000000179648,,,,,false,false,false,false,false,false,false,false,false,false,false,false,false,false,false,false,false,,,,,,,,,,,,,,,,,,,,,0.00,,,zamil-uddin123@hotmail.com,,,,,,,,,Sales,,,,,,,,
2025-06-09,7451241000000186289,EMV-000026,,Closed,7451241000000112555,Home Espana La Zenia S.L,,false,2025-06-16,,EUR,1.140348,item_level,true,Easy - USD,0.00,486.00,486.00,0.00,0.00,0.00,0.00,Adjustment,,2025-06-12,7,Net 7,0.00,0.00,,Thanks for your business.,,0.0,0.00,,,,,,,Re-Order Image Function,4.00,0.00,0.00,120.00,,30.00,,,,,,false,false,false,false,false,false,false,false,false,false,false,false,false,false,false,false,false,Mr. Raj Kumar Sirwani,,,,,Spain,,,,,,,,,,,,,,,0.00,,,Raj@hipoteken.com,,,,,,,,,Sales,,,,,,,,
2025-06-09,7451241000000186289,EMV-000026,,Closed,7451241000000112555,Home Espana La Zenia S.L,,false,2025-06-16,,EUR,1.140348,item_level,true,Easy - USD,0.00,486.00,486.00,0.00,0.00,0.00,0.00,Adjustment,,2025-06-12,7,Net 7,0.00,0.00,,Thanks for your business.,,0.0,0.00,,,,,,,Mis. Tasks and Bug Fixing,4.50,0.00,0.00,135.00,,30.00,,,,,,false,false,false,false,false,false,false,false,false,false,false,false,false,false,false,false,false,Mr. Raj Kumar Sirwani,,,,,Spain,,,,,,,,,,,,,,,0.00,,,Raj@hipoteken.com,,,,,,,,,Sales,,,,,,,,
2025-06-09,7451241000000186289,EMV-000026,,Closed,7451241000000112555,Home Espana La Zenia S.L,,false,2025-06-16,,EUR,1.140348,item_level,true,Easy - USD,0.00,486.00,486.00,0.00,0.00,0.00,0.00,Adjustment,,2025-06-12,7,Net 7,0.00,0.00,,Thanks for your business.,,0.0,0.00,,,,,,,Bunny CDN Deluge Function,2.70,0.00,0.00,81.00,,30.00,,,,,,false,false,false,false,false,false,false,false,false,false,false,false,false,false,false,false,false,Mr. Raj Kumar Sirwani,,,,,Spain,,,,,,,,,,,,,,,0.00,,,Raj@hipoteken.com,,,,,,,,,Sales,,,,,,,,
2025-06-09,7451241000000186289,EMV-000026,,Closed,7451241000000112555,Home Espana La Zenia S.L,,false,2025-06-16,,EUR,1.140348,item_level,true,Easy - USD,0.00,486.00,486.00,0.00,0.00,0.00,0.00,Adjustment,,2025-06-12,7,Net 7,0.00,0.00,,Thanks for your business.,,0.0,0.00,,,,,,,Upload Video to Bunny CDN,5.00,0.00,0.00,150.00,,30.00,,,,,,false,false,false,false,false,false,false,false,false,false,false,false,false,false,false,false,false,Mr. Raj Kumar Sirwani,,,,,Spain,,,,,,,,,,,,,,,0.00,,,Raj@hipoteken.com,,,,,,,,,Sales,,,,,,,,
2025-06-10,7451241000000186315,EMV-000027,,Closed,7451241000000112537,WOLQ B.V,,false,2025-06-17,,EUR,1.14033,item_level,true,Easy - USD,0.00,466.50,466.50,0.00,0.00,0.00,0.00,Adjustment,,2025-06-19,7,Net 7,0.00,0.00,,Thanks for your business.,,0.0,0.00,,,,,,,LAB21 - Modification Contractor Assign Widget,1.80,0.00,0.00,54.00,,30.00,,,,,,false,false,false,false,false,false,false,false,false,false,false,false,false,false,false,false,false,Mr. Ralph,"Brother Waltz 25
 ZT",,Helmond,Noord-Brabant,Netherlands,5708,,,,,,,,,,,,,,0.00,,,ralph@wolq.nl,,,,,,,,,Sales,,,,,,,,
2025-06-10,7451241000000186315,EMV-000027,,Closed,7451241000000112537,WOLQ B.V,,false,2025-06-17,,EUR,1.14033,item_level,true,Easy - USD,0.00,466.50,466.50,0.00,0.00,0.00,0.00,Adjustment,,2025-06-19,7,Net 7,0.00,0.00,,Thanks for your business.,,0.0,0.00,,,,,,,Lab21-T62 - Automatic User Assignment for Showroom Appointments,3.20,0.00,0.00,96.00,,30.00,,,,,,false,false,false,false,false,false,false,false,false,false,false,false,false,false,false,false,false,Mr. Ralph,"Brother Waltz 25
 ZT",,Helmond,Noord-Brabant,Netherlands,5708,,,,,,,,,,,,,,0.00,,,ralph@wolq.nl,,,,,,,,,Sales,,,,,,,,
2025-06-10,7451241000000186315,EMV-000027,,Closed,7451241000000112537,WOLQ B.V,,false,2025-06-17,,EUR,1.14033,item_level,true,Easy - USD,0.00,466.50,466.50,0.00,0.00,0.00,0.00,Adjustment,,2025-06-19,7,Net 7,0.00,0.00,,Thanks for your business.,,0.0,0.00,,,,,,,Lab21-T72 - Create Quote from Quote Button in Deal Module,2.50,0.00,0.00,75.00,,30.00,,,,,,false,false,false,false,false,false,false,false,false,false,false,false,false,false,false,false,false,Mr. Ralph,"Brother Waltz 25
 ZT",,Helmond,Noord-Brabant,Netherlands,5708,,,,,,,,,,,,,,0.00,,,ralph@wolq.nl,,,,,,,,,Sales,,,,,,,,
2025-06-10,7451241000000186315,EMV-000027,,Closed,7451241000000112537,WOLQ B.V,,false,2025-06-17,,EUR,1.14033,item_level,true,Easy - USD,0.00,466.50,466.50,0.00,0.00,0.00,0.00,Adjustment,,2025-06-19,7,Net 7,0.00,0.00,,Thanks for your business.,,0.0,0.00,,,,,,,"LAB21-T81 - Create steel from ""Sample request"" button in deal module",1.08,0.00,0.00,32.40,,30.00,,,,,,false,false,false,false,false,false,false,false,false,false,false,false,false,false,false,false,false,Mr. Ralph,"Brother Waltz 25
 ZT",,Helmond,Noord-Brabant,Netherlands,5708,,,,,,,,,,,,,,0.00,,,ralph@wolq.nl,,,,,,,,,Sales,,,,,,,,
2025-06-10,7451241000000186315,EMV-000027,,Closed,7451241000000112537,WOLQ B.V,,false,2025-06-17,,EUR,1.14033,item_level,true,Easy - USD,0.00,466.50,466.50,0.00,0.00,0.00,0.00,Adjustment,,2025-06-19,7,Net 7,0.00,0.00,,Thanks for your business.,,0.0,0.00,,,,,,,"LAB21-T80 - Create salesorder from ""Sales Order"" button in deal module",2.00,0.00,0.00,60.00,,30.00,,,,,,false,false,false,false,false,false,false,false,false,false,false,false,false,false,false,false,false,Mr. Ralph,"Brother Waltz 25
 ZT",,Helmond,Noord-Brabant,Netherlands,5708,,,,,,,,,,,,,,0.00,,,ralph@wolq.nl,,,,,,,,,Sales,,,,,,,,
2025-06-10,7451241000000186315,EMV-000027,,Closed,7451241000000112537,WOLQ B.V,,false,2025-06-17,,EUR,1.14033,item_level,true,Easy - USD,0.00,466.50,466.50,0.00,0.00,0.00,0.00,Adjustment,,2025-06-19,7,Net 7,0.00,0.00,,Thanks for your business.,,0.0,0.00,,,,,,,Lab21 Deluge function to Upload Photo to File upload field From Deal to SO,0.45,0.00,0.00,13.50,,30.00,,,,,,false,false,false,false,false,false,false,false,false,false,false,false,false,false,false,false,false,Mr. Ralph,"Brother Waltz 25
 ZT",,Helmond,Noord-Brabant,Netherlands,5708,,,,,,,,,,,,,,0.00,,,ralph@wolq.nl,,,,,,,,,Sales,,,,,,,,
2025-06-10,7451241000000186315,EMV-000027,,Closed,7451241000000112537,WOLQ B.V,,false,2025-06-17,,EUR,1.14033,item_level,true,Easy - USD,0.00,466.50,466.50,0.00,0.00,0.00,0.00,Adjustment,,2025-06-19,7,Net 7,0.00,0.00,,Thanks for your business.,,0.0,0.00,,,,,,,LAB21-T99 - Create Quote and Sample request from button in deal module,0.55,0.00,0.00,16.50,,30.00,,,,,,false,false,false,false,false,false,false,false,false,false,false,false,false,false,false,false,false,Mr. Ralph,"Brother Waltz 25
 ZT",,Helmond,Noord-Brabant,Netherlands,5708,,,,,,,,,,,,,,0.00,,,ralph@wolq.nl,,,,,,,,,Sales,,,,,,,,
2025-06-10,7451241000000186315,EMV-000027,,Closed,7451241000000112537,WOLQ B.V,,false,2025-06-17,,EUR,1.14033,item_level,true,Easy - USD,0.00,466.50,466.50,0.00,0.00,0.00,0.00,Adjustment,,2025-06-19,7,Net 7,0.00,0.00,,Thanks for your business.,,0.0,0.00,,,,,,,LAB21-T83 - Script for workflow/kiosk to create sales order from deal,0.20,0.00,0.00,6.00,,30.00,,,,,,false,false,false,false,false,false,false,false,false,false,false,false,false,false,false,false,false,Mr. Ralph,"Brother Waltz 25
 ZT",,Helmond,Noord-Brabant,Netherlands,5708,,,,,,,,,,,,,,0.00,,,ralph@wolq.nl,,,,,,,,,Sales,,,,,,,,
2025-06-10,7451241000000186315,EMV-000027,,Closed,7451241000000112537,WOLQ B.V,,false,2025-06-17,,EUR,1.14033,item_level,true,Easy - USD,0.00,466.50,466.50,0.00,0.00,0.00,0.00,Adjustment,,2025-06-19,7,Net 7,0.00,0.00,,Thanks for your business.,,0.0,0.00,,,,,,,LAB21-T84 - Script for workflow/kiosk to create sample request from deal,0.20,0.00,0.00,6.00,,30.00,,,,,,false,false,false,false,false,false,false,false,false,false,false,false,false,false,false,false,false,Mr. Ralph,"Brother Waltz 25
 ZT",,Helmond,Noord-Brabant,Netherlands,5708,,,,,,,,,,,,,,0.00,,,ralph@wolq.nl,,,,,,,,,Sales,,,,,,,,
2025-06-10,7451241000000186315,EMV-000027,,Closed,7451241000000112537,WOLQ B.V,,false,2025-06-17,,EUR,1.14033,item_level,true,Easy - USD,0.00,466.50,466.50,0.00,0.00,0.00,0.00,Adjustment,,2025-06-19,7,Net 7,0.00,0.00,,Thanks for your business.,,0.0,0.00,,,,,,,LAB21-T82 - Script for workflow/kiosk to create quotation from deal,0.18,0.00,0.00,5.40,,30.00,,,,,,false,false,false,false,false,false,false,false,false,false,false,false,false,false,false,false,false,Mr. Ralph,"Brother Waltz 25
 ZT",,Helmond,Noord-Brabant,Netherlands,5708,,,,,,,,,,,,,,0.00,,,ralph@wolq.nl,,,,,,,,,Sales,,,,,,,,
2025-06-10,7451241000000186315,EMV-000027,,Closed,7451241000000112537,WOLQ B.V,,false,2025-06-17,,EUR,1.14033,item_level,true,Easy - USD,0.00,466.50,466.50,0.00,0.00,0.00,0.00,Adjustment,,2025-06-19,7,Net 7,0.00,0.00,,Thanks for your business.,,0.0,0.00,,,,,,,LAB21-T119 - Automated quote sent by email,1.50,0.00,0.00,45.00,,30.00,,,,,,false,false,false,false,false,false,false,false,false,false,false,false,false,false,false,false,false,Mr. Ralph,"Brother Waltz 25
 ZT",,Helmond,Noord-Brabant,Netherlands,5708,,,,,,,,,,,,,,0.00,,,ralph@wolq.nl,,,,,,,,,Sales,,,,,,,,
2025-06-10,7451241000000186315,EMV-000027,,Closed,7451241000000112537,WOLQ B.V,,false,2025-06-17,,EUR,1.14033,item_level,true,Easy - USD,0.00,466.50,466.50,0.00,0.00,0.00,0.00,Adjustment,,2025-06-19,7,Net 7,0.00,0.00,,Thanks for your business.,,0.0,0.00,,,,,,,LAB21-T127 - Script for workflow/kiosk to create quotation and sample request from deal,0.22,0.00,0.00,6.60,,30.00,,,,,,false,false,false,false,false,false,false,false,false,false,false,false,false,false,false,false,false,Mr. Ralph,"Brother Waltz 25
 ZT",,Helmond,Noord-Brabant,Netherlands,5708,,,,,,,,,,,,,,0.00,,,ralph@wolq.nl,,,,,,,,,Sales,,,,,,,,
2025-06-10,7451241000000186315,EMV-000027,,Closed,7451241000000112537,WOLQ B.V,,false,2025-06-17,,EUR,1.14033,item_level,true,Easy - USD,0.00,466.50,466.50,0.00,0.00,0.00,0.00,Adjustment,,2025-06-19,7,Net 7,0.00,0.00,,Thanks for your business.,,0.0,0.00,,,,,,,Residence32 - MEWS Integration - forms and others,1.67,0.00,0.00,50.10,,30.00,,,,,,false,false,false,false,false,false,false,false,false,false,false,false,false,false,false,false,false,Mr. Ralph,"Brother Waltz 25
 ZT",,Helmond,Noord-Brabant,Netherlands,5708,,,,,,,,,,,,,,0.00,,,ralph@wolq.nl,,,,,,,,,Sales,,,,,,,,
2025-06-10,7451241000000186359,EMV-000028,,Closed,7451241000000108001,Schulte & Vogt Schadenregulierung GmbH,,false,2025-06-17,,EUR,1.14033,item_level,true,Easy - USD,0.00,44.50,44.50,0.00,0.00,0.00,0.00,Adjustment,,2025-10-21,7,Net 7,0.00,0.00,,Thanks for your business.,,0.0,0.00,,,,,,,"Misc Tasks for Flow Customization, Function Fix",1.78,0.00,0.00,44.50,,25.00,,,,,,false,false,false,false,false,false,false,false,false,false,false,false,false,false,false,false,false,Thomas Hacker,Lehmbergstr. 60,57368 Lennestadt,Siegen,,Germany,13810,0272 19458930,,,,,,,,,,,,,0.00,,,mail@svschadenregulierung.de,,0272 19458930,,,,,,,Sales,,,,,,,,
2025-06-10,7451241000000186381,EMV-000029,,Closed,7451241000000112695,Upwork,,false,2025-06-17,,USD,1.00,item_level,true,Easy - USD,0.00,461.01,461.01,0.00,0.00,0.00,0.00,Adjustment,,2025-06-12,7,Net 7,0.00,0.00,,Thanks for your business.,,0.0,0.00,,,,,,,Upwork Payment,1.00,0.00,0.00,461.01,,461.01,,,,,,false,false,false,false,false,false,false,false,false,false,false,false,false,false,false,false,false,,,,,,,,,,,,,,,,,,,,,0.00,,,,,,,,,,,,Sales,,,,,,,,
2025-06-30,7451241000000186401,EMV-000030,,Closed,7451241000000112487,Everlasting Remodel,,false,2025-07-07,,USD,1.00,item_level,true,Easy - USD,0.00,75.00,75.00,0.00,0.00,0.00,0.00,Adjustment,,2025-07-01,7,Net 7,0.00,0.00,,Thanks for your business.,,0.0,0.00,,,,,,Custom Deluge Support,,2.50,0.00,0.00,75.00,,30.00,7451241000000179683,,,,,false,false,false,false,false,false,false,false,false,false,false,false,false,false,false,false,false,Mr. Yoav Hodd,4438 Ingraham St,,San Diego,California,U.S.A,92109,'+1 (858) 250-3233,,,,,,,,,,,,,0.00,,,Invoice@everlastingremodel.com,,'+1 (858) 250-3233,,,,,,,Sales,,,,,,,,
2025-07-01,7451241000000186421,EMV-000031,,Closed,7451241000000112623,Sydney CRM Development,,false,2025-07-08,,AUD,0.6565,item_level,true,Easy - USD,0.00,691.60,691.60,0.00,0.00,0.00,0.00,Adjustment,,2025-07-05,7,Net 7,0.00,0.00,,Thanks for your business.,,0.0,0.00,,,,,,Custom Widget Development,"For June 01 to June 30, 2025.",30.28,0.00,0.00,691.60,,22.84,7451241000000179648,,,,,false,false,false,false,false,false,false,false,false,false,false,false,false,false,false,false,false,,,,,,,,,,,,,,,,,,,,,0.00,,"From June 01 to June 30, 2025",zamil-uddin123@hotmail.com,,,,,,,,,Sales,,,,,,,,
2025-07-01,7451241000000186441,EMV-000032,,Closed,7451241000000112519,Boosted,,false,2025-07-08,,USD,1.00,item_level,true,Easy - USD,0.00,500.00,500.00,0.00,0.00,0.00,0.00,Adjustment,,2025-07-01,7,Net 7,0.00,0.00,,Thanks for your business.,,0.0,0.00,,,,,,Zoho Customization,Ongoing Zoho Customization,1.00,0.00,0.00,500.00,,500.00,7451241000000093348,,,,,false,false,false,false,false,false,false,false,false,false,false,false,false,false,false,false,false,Mr. Mark Fahimi,"200 Spectrum Center
Dr. #300",,Irvine,California,U.S.A,92618,,,,,,,,,,,,,,0.00,,,,,,,,,,,,Sales,,,,,,,,
2025-07-01,7451241000000186461,EMV-000033,,Closed,7451241000000112537,WOLQ B.V,,false,2025-07-08,,EUR,1.179297,item_level,true,Easy - USD,0.00,231.90,231.90,0.00,0.00,0.00,0.00,Adjustment,,2025-07-17,7,Net 7,0.00,0.00,,Thanks for your business.,,0.0,0.00,,,,,,,(IW2-T80) GL3-T95 - Automated Quote Zoho Books,4.00,0.00,0.00,120.00,,30.00,,,,,,false,false,false,false,false,false,false,false,false,false,false,false,false,false,false,false,false,Mr. Ralph,"Brother Waltz 25
 ZT",,Helmond,Noord-Brabant,Netherlands,5708,,,,,,,,,,,,,,0.00,,,ralph@wolq.nl,,,,,,,,,Sales,,,,,,,,
2025-07-01,7451241000000186461,EMV-000033,,Closed,7451241000000112537,WOLQ B.V,,false,2025-07-08,,EUR,1.179297,item_level,true,Easy - USD,0.00,231.90,231.90,0.00,0.00,0.00,0.00,Adjustment,,2025-07-17,7,Net 7,0.00,0.00,,Thanks for your business.,,0.0,0.00,,,,,,,Lab 21 Contractor Assign Widget,0.49,0.00,0.00,14.70,,30.00,,,,,,false,false,false,false,false,false,false,false,false,false,false,false,false,false,false,false,false,Mr. Ralph,"Brother Waltz 25
 ZT",,Helmond,Noord-Brabant,Netherlands,5708,,,,,,,,,,,,,,0.00,,,ralph@wolq.nl,,,,,,,,,Sales,,,,,,,,
2025-07-01,7451241000000186461,EMV-000033,,Closed,7451241000000112537,WOLQ B.V,,false,2025-07-08,,EUR,1.179297,item_level,true,Easy - USD,0.00,231.90,231.90,0.00,0.00,0.00,0.00,Adjustment,,2025-07-17,7,Net 7,0.00,0.00,,Thanks for your business.,,0.0,0.00,,,,,,,LAB21-T85 - Adding products to a deal,0.28,0.00,0.00,8.40,,30.00,,,,,,false,false,false,false,false,false,false,false,false,false,false,false,false,false,false,false,false,Mr. Ralph,"Brother Waltz 25
 ZT",,Helmond,Noord-Brabant,Netherlands,5708,,,,,,,,,,,,,,0.00,,,ralph@wolq.nl,,,,,,,,,Sales,,,,,,,,
2025-07-01,7451241000000186461,EMV-000033,,Closed,7451241000000112537,WOLQ B.V,,false,2025-07-08,,EUR,1.179297,item_level,true,Easy - USD,0.00,231.90,231.90,0.00,0.00,0.00,0.00,Adjustment,,2025-07-17,7,Net 7,0.00,0.00,,Thanks for your business.,,0.0,0.00,,,,,,,IW2-T85 LAB21-T153 - Combine functions in 1 field Zoho CRM module,0.62,0.00,0.00,18.60,,30.00,,,,,,false,false,false,false,false,false,false,false,false,false,false,false,false,false,false,false,false,Mr. Ralph,"Brother Waltz 25
 ZT",,Helmond,Noord-Brabant,Netherlands,5708,,,,,,,,,,,,,,0.00,,,ralph@wolq.nl,,,,,,,,,Sales,,,,,,,,
2025-07-01,7451241000000186461,EMV-000033,,Closed,7451241000000112537,WOLQ B.V,,false,2025-07-08,,EUR,1.179297,item_level,true,Easy - USD,0.00,231.90,231.90,0.00,0.00,0.00,0.00,Adjustment,,2025-07-17,7,Net 7,0.00,0.00,,Thanks for your business.,,0.0,0.00,,,,,,,IW2-T56 LAB21-T51 - URL capture Zoho Forms,0.50,0.00,0.00,15.00,,30.00,,,,,,false,false,false,false,false,false,false,false,false,false,false,false,false,false,false,false,false,Mr. Ralph,"Brother Waltz 25
 ZT",,Helmond,Noord-Brabant,Netherlands,5708,,,,,,,,,,,,,,0.00,,,ralph@wolq.nl,,,,,,,,,Sales,,,,,,,,
2025-07-01,7451241000000186461,EMV-000033,,Closed,7451241000000112537,WOLQ B.V,,false,2025-07-08,,EUR,1.179297,item_level,true,Easy - USD,0.00,231.90,231.90,0.00,0.00,0.00,0.00,Adjustment,,2025-07-17,7,Net 7,0.00,0.00,,Thanks for your business.,,0.0,0.00,,,,,,,Resident 32 - MEWS Integration - forms and others,1.84,0.00,0.00,55.20,,30.00,,,,,,false,false,false,false,false,false,false,false,false,false,false,false,false,false,false,false,false,Mr. Ralph,"Brother Waltz 25
 ZT",,Helmond,Noord-Brabant,Netherlands,5708,,,,,,,,,,,,,,0.00,,,ralph@wolq.nl,,,,,,,,,Sales,,,,,,,,
2025-07-01,7451241000000186493,EMV-000034,,Closed,7451241000000112555,Home Espana La Zenia S.L,,false,2025-07-08,,EUR,1.179297,item_level,true,Easy - USD,0.00,487.50,487.50,0.00,0.00,0.00,0.00,Adjustment,,2025-07-09,7,Net 7,0.00,0.00,,Thanks for your business.,,0.0,0.00,,,,,,,Home Espana Bunny CDN task update functions,1.00,0.00,0.00,30.00,,30.00,,,,,,false,false,false,false,false,false,false,false,false,false,false,false,false,false,false,false,false,Mr. Raj Kumar Sirwani,,,,,Spain,,,,,,,,,,,,,,,0.00,,,Raj@hipoteken.com,,,,,,,,,Sales,,,,,,,,
2025-07-01,7451241000000186493,EMV-000034,,Closed,7451241000000112555,Home Espana La Zenia S.L,,false,2025-07-08,,EUR,1.179297,item_level,true,Easy - USD,0.00,487.50,487.50,0.00,0.00,0.00,0.00,Adjustment,,2025-07-09,7,Net 7,0.00,0.00,,Thanks for your business.,,0.0,0.00,,,,,,,Homespana video upload to BunnyCDN,7.50,0.00,0.00,225.00,,30.00,,,,,,false,false,false,false,false,false,false,false,false,false,false,false,false,false,false,false,false,Mr. Raj Kumar Sirwani,,,,,Spain,,,,,,,,,,,,,,,0.00,,,Raj@hipoteken.com,,,,,,,,,Sales,,,,,,,,
2025-07-01,7451241000000186493,EMV-000034,,Closed,7451241000000112555,Home Espana La Zenia S.L,,false,2025-07-08,,EUR,1.179297,item_level,true,Easy - USD,0.00,487.50,487.50,0.00,0.00,0.00,0.00,Adjustment,,2025-07-09,7,Net 7,0.00,0.00,,Thanks for your business.,,0.0,0.00,,,,,,,Re-Fix Deal Data,2.00,0.00,0.00,60.00,,30.00,,,,,,false,false,false,false,false,false,false,false,false,false,false,false,false,false,false,false,false,Mr. Raj Kumar Sirwani,,,,,Spain,,,,,,,,,,,,,,,0.00,,,Raj@hipoteken.com,,,,,,,,,Sales,,,,,,,,
2025-07-01,7451241000000186493,EMV-000034,,Closed,7451241000000112555,Home Espana La Zenia S.L,,false,2025-07-08,,EUR,1.179297,item_level,true,Easy - USD,0.00,487.50,487.50,0.00,0.00,0.00,0.00,Adjustment,,2025-07-09,7,Net 7,0.00,0.00,,Thanks for your business.,,0.0,0.00,,,,,,,Fow Function Check,0.75,0.00,0.00,22.50,,30.00,,,,,,false,false,false,false,false,false,false,false,false,false,false,false,false,false,false,false,false,Mr. Raj Kumar Sirwani,,,,,Spain,,,,,,,,,,,,,,,0.00,,,Raj@hipoteken.com,,,,,,,,,Sales,,,,,,,,
2025-07-01,7451241000000186493,EMV-000034,,Closed,7451241000000112555,Home Espana La Zenia S.L,,false,2025-07-08,,EUR,1.179297,item_level,true,Easy - USD,0.00,487.50,487.50,0.00,0.00,0.00,0.00,Adjustment,,2025-07-09,7,Net 7,0.00,0.00,,Thanks for your business.,,0.0,0.00,,,,,,,Modification of Export of XML,1.50,0.00,0.00,45.00,,30.00,,,,,,false,false,false,false,false,false,false,false,false,false,false,false,false,false,false,false,false,Mr. Raj Kumar Sirwani,,,,,Spain,,,,,,,,,,,,,,,0.00,,,Raj@hipoteken.com,,,,,,,,,Sales,,,,,,,,
2025-07-01,7451241000000186493,EMV-000034,,Closed,7451241000000112555,Home Espana La Zenia S.L,,false,2025-07-08,,EUR,1.179297,item_level,true,Easy - USD,0.00,487.50,487.50,0.00,0.00,0.00,0.00,Adjustment,,2025-07-09,7,Net 7,0.00,0.00,,Thanks for your business.,,0.0,0.00,,,,,,,Admin Image Processing and XML Re-Reneration,3.50,0.00,0.00,105.00,,30.00,,,,,,false,false,false,false,false,false,false,false,false,false,false,false,false,false,false,false,false,Mr. Raj Kumar Sirwani,,,,,Spain,,,,,,,,,,,,,,,0.00,,,Raj@hipoteken.com,,,,,,,,,Sales,,,,,,,,
2025-07-02,7451241000000186523,EMV-000035,,Closed,7451241000000112469,GED Ltd,,false,2025-07-09,,EUR,1.178992,item_level,true,Easy - USD,0.00,162.90,162.90,0.00,0.00,0.00,0.00,Adjustment,,2025-10-21,7,Net 7,0.00,0.00,,Thanks for your business.,,0.0,0.00,,,,,,Custom Deluge Support,,5.43,0.00,0.00,162.90,,30.00,7451241000000179683,,,,,false,false,false,false,false,false,false,false,false,false,false,false,false,false,false,false,false,Ivan Staykov,36 Vasil Drumev Str.,,,Sofia,Bulgaria,1505,'+35928061203,'+359887921438,,,,,,,,,,,,0.00,,,ivan.staykov@gedbg.com,,,,,,,,,Sales,,,,,,,,
2025-07-02,7451241000000186543,EMV-000036,,Closed,7451241000000112573,Pro Playground,,false,2025-07-09,,USD,1.00,item_level,true,Easy - USD,0.00,150.00,150.00,0.00,0.00,0.00,0.00,Adjustment,,2025-07-09,7,Net 7,0.00,0.00,,Thanks for your business.,,0.0,0.00,,,,,,,Pro Playgrounds Widget Update and Bug fix,2.00,0.00,0.00,60.00,,30.00,,,,,,false,false,false,false,false,false,false,false,false,false,false,false,false,false,false,false,false,Mr. Paul Adriaanse,,,,Florida,U.S.A,,1-800-573-7529,,,,,,,,,,,,,0.00,,,info@proplaygrounds.com,,,,,,,,,Sales,,,,,,,,
2025-07-02,7451241000000186543,EMV-000036,,Closed,7451241000000112573,Pro Playground,,false,2025-07-09,,USD,1.00,item_level,true,Easy - USD,0.00,150.00,150.00,0.00,0.00,0.00,0.00,Adjustment,,2025-07-09,7,Net 7,0.00,0.00,,Thanks for your business.,,0.0,0.00,,,,,,,Pro Playgrounds Lead Conversion Field Mapping,1.00,0.00,0.00,30.00,,30.00,,,,,,false,false,false,false,false,false,false,false,false,false,false,false,false,false,false,false,false,Mr. Paul Adriaanse,,,,Florida,U.S.A,,1-800-573-7529,,,,,,,,,,,,,0.00,,,info@proplaygrounds.com,,,,,,,,,Sales,,,,,,,,
2025-07-02,7451241000000186543,EMV-000036,,Closed,7451241000000112573,Pro Playground,,false,2025-07-09,,USD,1.00,item_level,true,Easy - USD,0.00,150.00,150.00,0.00,0.00,0.00,0.00,Adjustment,,2025-07-09,7,Net 7,0.00,0.00,,Thanks for your business.,,0.0,0.00,,,,,,,"Pro Playgrounds New Calculations to ""Sales Sniper Manager"" widget",2.00,0.00,0.00,60.00,,30.00,,,,,,false,false,false,false,false,false,false,false,false,false,false,false,false,false,false,false,false,Mr. Paul Adriaanse,,,,Florida,U.S.A,,1-800-573-7529,,,,,,,,,,,,,0.00,,,info@proplaygrounds.com,,,,,,,,,Sales,,,,,,,,
2025-07-21,7451241000000186607,EMV-000039,,Closed,7451241000000112623,Sydney CRM Development,,false,2025-07-28,,AUD,0.651797,item_level,true,Easy - USD,0.00,288.55,288.55,0.00,0.00,0.00,0.00,Adjustment,,2025-07-24,7,Net 7,0.00,0.00,,Thanks for your business.,,0.0,0.00,,,,,,Custom Widget Development,15USD = 23.01 AUD,12.54,0.00,0.00,288.55,,23.01,7451241000000179648,,,,,false,false,false,false,false,false,false,false,false,false,false,false,false,false,false,false,false,,,,,,,,,,,,,,,,,,,,,0.00,,,zamil-uddin123@hotmail.com,,,,,,,,,Sales,,,,,,,,
2025-07-29,7451241000000186627,EMV-000040,,Closed,7451241000000112677,PJM Solutions,,false,2025-08-05,,AUD,0.652355,item_level,true,Easy - USD,0.00,200.00,200.00,0.00,0.00,0.00,0.00,Adjustment,,2025-07-31,7,Net 7,0.00,0.00,,Thanks for your business.,,0.0,0.00,,,,,,Custom Deluge Support,Generate Excel Sheet using Timeline View,5.00,0.00,0.00,200.00,,40.00,7451241000000179683,,,,,false,false,false,false,false,false,false,false,false,false,false,false,false,false,false,false,false,,,,,,,,,,,,,,,,,,,,,0.00,,,peterm@pjm.com.au,,,,,,,,,Sales,,,,,,,,
2025-08-01,7451241000000186647,EMV-000041,,Closed,7451241000000112519,Boosted,,false,2025-08-08,,USD,1.00,item_level,true,Easy - USD,0.00,500.00,500.00,0.00,0.00,0.00,0.00,Adjustment,,2025-08-01,7,Net 7,0.00,0.00,,Thanks for your business.,,0.0,0.00,,,,,,Zoho Customization,Ongoing Zoho Customization,1.00,0.00,0.00,500.00,,500.00,7451241000000093348,,,,,false,false,false,false,false,false,false,false,false,false,false,false,false,false,false,false,false,Mr. Mark Fahimi,"200 Spectrum Center
Dr. #300",,Irvine,California,U.S.A,92618,,,,,,,,,,,,,,0.00,,,,,,,,,,,,Sales,,,,,,,,
2025-08-01,7451241000000186747,EMV-000046,,Closed,7451241000000112469,GED Ltd,,false,2025-08-08,,EUR,1.155655,item_level,true,Easy - USD,0.00,100.50,100.50,0.00,0.00,0.00,0.00,Adjustment,,2025-10-21,7,Net 7,0.00,0.00,,Thanks for your business.,,0.0,0.00,,,,,,,GEDBG Create Service Entitlements and Service Coverages from Service Contracts,3.25,0.00,0.00,97.50,,30.00,,,,,,false,false,false,false,false,false,false,false,false,false,false,false,false,false,false,false,false,Ivan Staykov,36 Vasil Drumev Str.,,,Sofia,Bulgaria,1505,'+35928061203,'+359887921438,,,,,,,,,,,,0.00,,,ivan.staykov@gedbg.com,,,,,,,,,Sales,,,,,,,,
2025-08-01,7451241000000186747,EMV-000046,,Closed,7451241000000112469,GED Ltd,,false,2025-08-08,,EUR,1.155655,item_level,true,Easy - USD,0.00,100.50,100.50,0.00,0.00,0.00,0.00,Adjustment,,2025-10-21,7,Net 7,0.00,0.00,,Thanks for your business.,,0.0,0.00,,,,,,,GEDBG - Count Service Orders in Service Contract,0.10,0.00,0.00,3.00,,30.00,,,,,,false,false,false,false,false,false,false,false,false,false,false,false,false,false,false,false,false,Ivan Staykov,36 Vasil Drumev Str.,,,Sofia,Bulgaria,1505,'+35928061203,'+359887921438,,,,,,,,,,,,0.00,,,ivan.staykov@gedbg.com,,,,,,,,,Sales,,,,,,,,
2025-08-01,7451241000000186771,EMV-000047,,Closed,7451241000000112555,Home Espana La Zenia S.L,,false,2025-08-08,,EUR,1.155655,item_level,true,Easy - USD,0.00,181.50,181.50,0.00,0.00,0.00,0.00,Adjustment,,2025-08-04,7,Net 7,0.00,0.00,,Thanks for your business.,,0.0,0.00,,,,,,,Home Espana Deal To Product - Field population when created,0.47,0.00,0.00,14.10,,30.00,,,,,,false,false,false,false,false,false,false,false,false,false,false,false,false,false,false,false,false,Mr. Raj Kumar Sirwani,,,,,Spain,,,,,,,,,,,,,,,0.00,,,Raj@hipoteken.com,,,,,,,,,Sales,,,,,,,,
2025-08-01,7451241000000186771,EMV-000047,,Closed,7451241000000112555,Home Espana La Zenia S.L,,false,2025-08-08,,EUR,1.155655,item_level,true,Easy - USD,0.00,181.50,181.50,0.00,0.00,0.00,0.00,Adjustment,,2025-08-04,7,Net 7,0.00,0.00,,Thanks for your business.,,0.0,0.00,,,,,,,Home Espana XML Project 2,2.50,0.00,0.00,75.00,,30.00,,,,,,false,false,false,false,false,false,false,false,false,false,false,false,false,false,false,false,false,Mr. Raj Kumar Sirwani,,,,,Spain,,,,,,,,,,,,,,,0.00,,,Raj@hipoteken.com,,,,,,,,,Sales,,,,,,,,
2025-08-01,7451241000000186771,EMV-000047,,Closed,7451241000000112555,Home Espana La Zenia S.L,,false,2025-08-08,,EUR,1.155655,item_level,true,Easy - USD,0.00,181.50,181.50,0.00,0.00,0.00,0.00,Adjustment,,2025-08-04,7,Net 7,0.00,0.00,,Thanks for your business.,,0.0,0.00,,,,,,,Home Espana Products Module Mass Update function for historical data,1.08,0.00,0.00,32.40,,30.00,,,,,,false,false,false,false,false,false,false,false,false,false,false,false,false,false,false,false,false,Mr. Raj Kumar Sirwani,,,,,Spain,,,,,,,,,,,,,,,0.00,,,Raj@hipoteken.com,,,,,,,,,Sales,,,,,,,,
2025-08-01,7451241000000186771,EMV-000047,,Closed,7451241000000112555,Home Espana La Zenia S.L,,false,2025-08-08,,EUR,1.155655,item_level,true,Easy - USD,0.00,181.50,181.50,0.00,0.00,0.00,0.00,Adjustment,,2025-08-04,7,Net 7,0.00,0.00,,Thanks for your business.,,0.0,0.00,,,,,,,Miscellaneous Tasks,2.00,0.00,0.00,60.00,,30.00,,,,,,false,false,false,false,false,false,false,false,false,false,false,false,false,false,false,false,false,Mr. Raj Kumar Sirwani,,,,,Spain,,,,,,,,,,,,,,,0.00,,,Raj@hipoteken.com,,,,,,,,,Sales,,,,,,,,
2025-08-01,7451241000000186799,EMV-000048,,Closed,7451241000000112537,WOLQ B.V,,false,2025-08-08,,EUR,1.155655,item_level,true,Easy - USD,0.00,685.80,685.80,0.00,0.00,0.00,0.00,Adjustment,,2025-08-14,7,Net 7,0.00,0.00,,Thanks for your business.,,0.0,0.00,,,,,,,ISO2Handle - IW2-T46 Bulk price updater for Billings,1.97,0.00,0.00,59.10,,30.00,,,,,,false,false,false,false,false,false,false,false,false,false,false,false,false,false,false,false,false,Mr. Ralph,"Brother Waltz 25
 ZT",,Helmond,Noord-Brabant,Netherlands,5708,,,,,,,,,,,,,,0.00,,,ralph@wolq.nl,,,,,,,,,Sales,,,,,,,,
2025-08-01,7451241000000186799,EMV-000048,,Closed,7451241000000112537,WOLQ B.V,,false,2025-08-08,,EUR,1.155655,item_level,true,Easy - USD,0.00,685.80,685.80,0.00,0.00,0.00,0.00,Adjustment,,2025-08-14,7,Net 7,0.00,0.00,,Thanks for your business.,,0.0,0.00,,,,,,,Lab21 - Contractor Assign Widget,1.92,0.00,0.00,57.60,,30.00,,,,,,false,false,false,false,false,false,false,false,false,false,false,false,false,false,false,false,false,Mr. Ralph,"Brother Waltz 25
 ZT",,Helmond,Noord-Brabant,Netherlands,5708,,,,,,,,,,,,,,0.00,,,ralph@wolq.nl,,,,,,,,,Sales,,,,,,,,
2025-08-01,7451241000000186799,EMV-000048,,Closed,7451241000000112537,WOLQ B.V,,false,2025-08-08,,EUR,1.155655,item_level,true,Easy - USD,0.00,685.80,685.80,0.00,0.00,0.00,0.00,Adjustment,,2025-08-14,7,Net 7,0.00,0.00,,Thanks for your business.,,0.0,0.00,,,,,,,Lab21 - Set workflow for Latitude and Longitude modification and Update Existing Vendor and SO Latitude and Longitude,0.13,0.00,0.00,3.90,,30.00,,,,,,false,false,false,false,false,false,false,false,false,false,false,false,false,false,false,false,false,Mr. Ralph,"Brother Waltz 25
 ZT",,Helmond,Noord-Brabant,Netherlands,5708,,,,,,,,,,,,,,0.00,,,ralph@wolq.nl,,,,,,,,,Sales,,,,,,,,
2025-08-01,7451241000000186799,EMV-000048,,Closed,7451241000000112537,WOLQ B.V,,false,2025-08-08,,EUR,1.155655,item_level,true,Easy - USD,0.00,685.80,685.80,0.00,0.00,0.00,0.00,Adjustment,,2025-08-14,7,Net 7,0.00,0.00,,Thanks for your business.,,0.0,0.00,,,,,,,Lab21 - IW2-T53 LAB21-T58 - Automated Record Creation in Meeting CRM,0.25,0.00,0.00,7.50,,30.00,,,,,,false,false,false,false,false,false,false,false,false,false,false,false,false,false,false,false,false,Mr. Ralph,"Brother Waltz 25
 ZT",,Helmond,Noord-Brabant,Netherlands,5708,,,,,,,,,,,,,,0.00,,,ralph@wolq.nl,,,,,,,,,Sales,,,,,,,,
2025-08-01,7451241000000186799,EMV-000048,,Closed,7451241000000112537,WOLQ B.V,,false,2025-08-08,,EUR,1.155655,item_level,true,Easy - USD,0.00,685.80,685.80,0.00,0.00,0.00,0.00,Adjustment,,2025-08-14,7,Net 7,0.00,0.00,,Thanks for your business.,,0.0,0.00,,,,,,,LAB21-T84 - Script for workflow/kiosk to create sample request from deal,0.30,0.00,0.00,9.00,,30.00,,,,,,false,false,false,false,false,false,false,false,false,false,false,false,false,false,false,false,false,Mr. Ralph,"Brother Waltz 25
 ZT",,Helmond,Noord-Brabant,Netherlands,5708,,,,,,,,,,,,,,0.00,,,ralph@wolq.nl,,,,,,,,,Sales,,,,,,,,
2025-08-01,7451241000000186799,EMV-000048,,Closed,7451241000000112537,WOLQ B.V,,false,2025-08-08,,EUR,1.155655,item_level,true,Easy - USD,0.00,685.80,685.80,0.00,0.00,0.00,0.00,Adjustment,,2025-08-14,7,Net 7,0.00,0.00,,Thanks for your business.,,0.0,0.00,,,,,,,LAB21-T82 - Script for workflow/kiosk to create quotation from deal,0.20,0.00,0.00,6.00,,30.00,,,,,,false,false,false,false,false,false,false,false,false,false,false,false,false,false,false,false,false,Mr. Ralph,"Brother Waltz 25
 ZT",,Helmond,Noord-Brabant,Netherlands,5708,,,,,,,,,,,,,,0.00,,,ralph@wolq.nl,,,,,,,,,Sales,,,,,,,,
2025-08-01,7451241000000186799,EMV-000048,,Closed,7451241000000112537,WOLQ B.V,,false,2025-08-08,,EUR,1.155655,item_level,true,Easy - USD,0.00,685.80,685.80,0.00,0.00,0.00,0.00,Adjustment,,2025-08-14,7,Net 7,0.00,0.00,,Thanks for your business.,,0.0,0.00,,,,,,,LAB21-T147 - Configurator Drapes,3.15,0.00,0.00,94.50,,30.00,,,,,,false,false,false,false,false,false,false,false,false,false,false,false,false,false,false,false,false,Mr. Ralph,"Brother Waltz 25
 ZT",,Helmond,Noord-Brabant,Netherlands,5708,,,,,,,,,,,,,,0.00,,,ralph@wolq.nl,,,,,,,,,Sales,,,,,,,,
2025-08-01,7451241000000186799,EMV-000048,,Closed,7451241000000112537,WOLQ B.V,,false,2025-08-08,,EUR,1.155655,item_level,true,Easy - USD,0.00,685.80,685.80,0.00,0.00,0.00,0.00,Adjustment,,2025-08-14,7,Net 7,0.00,0.00,,Thanks for your business.,,0.0,0.00,,,,,,,LAB21-T193 - Calculate expected delivery date,0.85,0.00,0.00,25.50,,30.00,,,,,,false,false,false,false,false,false,false,false,false,false,false,false,false,false,false,false,false,Mr. Ralph,"Brother Waltz 25
 ZT",,Helmond,Noord-Brabant,Netherlands,5708,,,,,,,,,,,,,,0.00,,,ralph@wolq.nl,,,,,,,,,Sales,,,,,,,,
2025-08-01,7451241000000186799,EMV-000048,,Closed,7451241000000112537,WOLQ B.V,,false,2025-08-08,,EUR,1.155655,item_level,true,Easy - USD,0.00,685.80,685.80,0.00,0.00,0.00,0.00,Adjustment,,2025-08-14,7,Net 7,0.00,0.00,,Thanks for your business.,,0.0,0.00,,,,,,,IW2-T81 LAB21-T144 - Automated Sales order sent 4 hours later,0.58,0.00,0.00,17.40,,30.00,,,,,,false,false,false,false,false,false,false,false,false,false,false,false,false,false,false,false,false,Mr. Ralph,"Brother Waltz 25
 ZT",,Helmond,Noord-Brabant,Netherlands,5708,,,,,,,,,,,,,,0.00,,,ralph@wolq.nl,,,,,,,,,Sales,,,,,,,,
2025-08-01,7451241000000186799,EMV-000048,,Closed,7451241000000112537,WOLQ B.V,,false,2025-08-08,,EUR,1.155655,item_level,true,Easy - USD,0.00,685.80,685.80,0.00,0.00,0.00,0.00,Adjustment,,2025-08-14,7,Net 7,0.00,0.00,,Thanks for your business.,,0.0,0.00,,,,,,,LAB21-T71 - Assigning Account Manager Based on Sales Team Configuration,2.21,0.00,0.00,66.30,,30.00,,,,,,false,false,false,false,false,false,false,false,false,false,false,false,false,false,false,false,false,Mr. Ralph,"Brother Waltz 25
 ZT",,Helmond,Noord-Brabant,Netherlands,5708,,,,,,,,,,,,,,0.00,,,ralph@wolq.nl,,,,,,,,,Sales,,,,,,,,
2025-08-01,7451241000000186799,EMV-000048,,Closed,7451241000000112537,WOLQ B.V,,false,2025-08-08,,EUR,1.155655,item_level,true,Easy - USD,0.00,685.80,685.80,0.00,0.00,0.00,0.00,Adjustment,,2025-08-14,7,Net 7,0.00,0.00,,Thanks for your business.,,0.0,0.00,,,,,,,LAB21-T70 - Client Script Discount,0.16,0.00,0.00,4.80,,30.00,,,,,,false,false,false,false,false,false,false,false,false,false,false,false,false,false,false,false,false,Mr. Ralph,"Brother Waltz 25
 ZT",,Helmond,Noord-Brabant,Netherlands,5708,,,,,,,,,,,,,,0.00,,,ralph@wolq.nl,,,,,,,,,Sales,,,,,,,,
2025-08-01,7451241000000186799,EMV-000048,,Closed,7451241000000112537,WOLQ B.V,,false,2025-08-08,,EUR,1.155655,item_level,true,Easy - USD,0.00,685.80,685.80,0.00,0.00,0.00,0.00,Adjustment,,2025-08-14,7,Net 7,0.00,0.00,,Thanks for your business.,,0.0,0.00,,,,,,,Lab21 - Product Photo workdrive automation,1.81,0.00,0.00,54.30,,30.00,,,,,,false,false,false,false,false,false,false,false,false,false,false,false,false,false,false,false,false,Mr. Ralph,"Brother Waltz 25
 ZT",,Helmond,Noord-Brabant,Netherlands,5708,,,,,,,,,,,,,,0.00,,,ralph@wolq.nl,,,,,,,,,Sales,,,,,,,,
2025-08-01,7451241000000186799,EMV-000048,,Closed,7451241000000112537,WOLQ B.V,,false,2025-08-08,,EUR,1.155655,item_level,true,Easy - USD,0.00,685.80,685.80,0.00,0.00,0.00,0.00,Adjustment,,2025-08-14,7,Net 7,0.00,0.00,,Thanks for your business.,,0.0,0.00,,,,,,,MEWS - MEWS Integration - forms and others,3.33,0.00,0.00,99.90,,30.00,,,,,,false,false,false,false,false,false,false,false,false,false,false,false,false,false,false,false,false,Mr. Ralph,"Brother Waltz 25
 ZT",,Helmond,Noord-Brabant,Netherlands,5708,,,,,,,,,,,,,,0.00,,,ralph@wolq.nl,,,,,,,,,Sales,,,,,,,,
2025-08-01,7451241000000186799,EMV-000048,,Closed,7451241000000112537,WOLQ B.V,,false,2025-08-08,,EUR,1.155655,item_level,true,Easy - USD,0.00,685.80,685.80,0.00,0.00,0.00,0.00,Adjustment,,2025-08-14,7,Net 7,0.00,0.00,,Thanks for your business.,,0.0,0.00,,,,,,,VIVAfloors - VIVA Floors Portal Bug Fix,2.00,0.00,0.00,60.00,,30.00,,,,,,false,false,false,false,false,false,false,false,false,false,false,false,false,false,false,false,false,Mr. Ralph,"Brother Waltz 25
 ZT",,Helmond,Noord-Brabant,Netherlands,5708,,,,,,,,,,,,,,0.00,,,ralph@wolq.nl,,,,,,,,,Sales,,,,,,,,
2025-08-01,7451241000000186799,EMV-000048,,Closed,7451241000000112537,WOLQ B.V,,false,2025-08-08,,EUR,1.155655,item_level,true,Easy - USD,0.00,685.80,685.80,0.00,0.00,0.00,0.00,Adjustment,,2025-08-14,7,Net 7,0.00,0.00,,Thanks for your business.,,0.0,0.00,,,,,,,WOLQ Lead to ChatGPT automation Feasibility Study,4.00,0.00,0.00,120.00,,30.00,,,,,,false,false,false,false,false,false,false,false,false,false,false,false,false,false,false,false,false,Mr. Ralph,"Brother Waltz 25
 ZT",,Helmond,Noord-Brabant,Netherlands,5708,,,,,,,,,,,,,,0.00,,,ralph@wolq.nl,,,,,,,,,Sales,,,,,,,,
2025-08-01,7451241000000186849,EMV-000049,,Closed,7451241000000112573,Pro Playground,,false,2025-08-08,,USD,1.00,item_level,true,Easy - USD,0.00,372.60,372.60,0.00,0.00,0.00,0.00,Adjustment,,2025-08-06,7,Net 7,0.00,0.00,,Thanks for your business.,,0.0,0.00,,,,,,,Proplaygrounds Quote Widget Task Add tag,0.45,0.00,0.00,13.50,,30.00,,,,,,false,false,false,false,false,false,false,false,false,false,false,false,false,false,false,false,false,Mr. Paul Adriaanse,,,,Florida,U.S.A,,1-800-573-7529,,,,,,,,,,,,,0.00,,,info@proplaygrounds.com,,,,,,,,,Sales,,,,,,,,
2025-08-01,7451241000000186849,EMV-000049,,Closed,7451241000000112573,Pro Playground,,false,2025-08-08,,USD,1.00,item_level,true,Easy - USD,0.00,372.60,372.60,0.00,0.00,0.00,0.00,Adjustment,,2025-08-06,7,Net 7,0.00,0.00,,Thanks for your business.,,0.0,0.00,,,,,,,Proplaygrounds Sales Manager Widget Bug Fix,1.29,0.00,0.00,38.70,,30.00,,,,,,false,false,false,false,false,false,false,false,false,false,false,false,false,false,false,false,false,Mr. Paul Adriaanse,,,,Florida,U.S.A,,1-800-573-7529,,,,,,,,,,,,,0.00,,,info@proplaygrounds.com,,,,,,,,,Sales,,,,,,,,
2025-08-01,7451241000000186849,EMV-000049,,Closed,7451241000000112573,Pro Playground,,false,2025-08-08,,USD,1.00,item_level,true,Easy - USD,0.00,372.60,372.60,0.00,0.00,0.00,0.00,Adjustment,,2025-08-06,7,Net 7,0.00,0.00,,Thanks for your business.,,0.0,0.00,,,,,,,Proplaygrounds Sales Rep Report Widget,6.81,0.00,0.00,204.30,,30.00,,,,,,false,false,false,false,false,false,false,false,false,false,false,false,false,false,false,false,false,Mr. Paul Adriaanse,,,,Florida,U.S.A,,1-800-573-7529,,,,,,,,,,,,,0.00,,,info@proplaygrounds.com,,,,,,,,,Sales,,,,,,,,
2025-08-01,7451241000000186849,EMV-000049,,Closed,7451241000000112573,Pro Playground,,false,2025-08-08,,USD,1.00,item_level,true,Easy - USD,0.00,372.60,372.60,0.00,0.00,0.00,0.00,Adjustment,,2025-08-06,7,Net 7,0.00,0.00,,Thanks for your business.,,0.0,0.00,,,,,,,Pro Playgrounds Bulk Update POs and Create Blueprint function for Future Use,2.15,0.00,0.00,64.50,,30.00,,,,,,false,false,false,false,false,false,false,false,false,false,false,false,false,false,false,false,false,Mr. Paul Adriaanse,,,,Florida,U.S.A,,1-800-573-7529,,,,,,,,,,,,,0.00,,,info@proplaygrounds.com,,,,,,,,,Sales,,,,,,,,
2025-08-01,7451241000000186849,EMV-000049,,Closed,7451241000000112573,Pro Playground,,false,2025-08-08,,USD,1.00,item_level,true,Easy - USD,0.00,372.60,372.60,0.00,0.00,0.00,0.00,Adjustment,,2025-08-06,7,Net 7,0.00,0.00,,Thanks for your business.,,0.0,0.00,,,,,,,Proplaygrounds MiscellaneousTasks,1.72,0.00,0.00,51.60,,30.00,,,,,,false,false,false,false,false,false,false,false,false,false,false,false,false,false,false,false,false,Mr. Paul Adriaanse,,,,Florida,U.S.A,,1-800-573-7529,,,,,,,,,,,,,0.00,,,info@proplaygrounds.com,,,,,,,,,Sales,,,,,,,,
2025-08-01,7451241000000186877,EMV-000050,,Closed,7451241000000112623,Sydney CRM Development,,false,2025-08-08,,AUD,0.646668,item_level,true,Easy - USD,0.00,749.95,749.95,0.00,0.00,0.00,0.00,Adjustment,,2025-08-04,7,Net 7,0.00,0.00,,Thanks for your business.,,0.0,0.00,,,,,,Custom Widget Development,,32.27,0.00,0.00,749.95,,23.24,7451241000000179648,,,,,false,false,false,false,false,false,false,false,false,false,false,false,false,false,false,false,false,,,,,,,,,,,,,,,,,,,,,0.00,,,zamil-uddin123@hotmail.com,,,,,,,,,Sales,,,,,,,,
2025-08-07,7451241000000186935,EMV-000052,,Closed,7451241000000112659,Pool Care Specialists,,false,2025-08-14,,USD,1.00,item_level,true,Easy - USD,0.00,200.00,200.00,0.00,0.00,0.00,0.00,Adjustment,,2025-08-07,7,Net 7,0.00,0.00,,Thanks for your business.,,0.0,0.00,,,,,,Custom Deluge Support,Alert Automation for Zoho CRM,1.00,0.00,0.00,200.00,,200.00,7451241000000179683,,,,,false,false,false,false,false,false,false,false,false,false,false,false,false,false,false,false,false,Doug Holcombe,"2201 Long Prairie Rd Ste 107-123
Flower Mound",,,Texas,U.S.A,75022,,,,,,,,,,,,,,0.00,,,doug@poolcarespecialists.com,,972-829-8485,,,,,,,Sales,,,,,,,,
2025-08-14,7451241000000186955,EMV-000053,,Closed,7451241000000112737,Zapgo,,false,2025-08-21,,EUR,1.164982,item_level,true,Easy - USD,0.00,550.00,550.00,0.00,0.00,0.00,0.00,Adjustment,,2025-08-15,7,Net 7,0.00,0.00,,Thanks for your business.,,0.0,0.00,,,,,,,LTD for Sharepoint for Zoho CRM,1.00,0.00,0.00,550.00,,550.00,,,,,,false,false,false,false,false,false,false,false,false,false,false,false,false,false,false,false,false,,"Zapgo HQ, 1st floor, 2 Catherine Place  London",,,London,United Kingdom,SW1E 6HF,07803 661 666,,,,,,,,,,,,,0.00,,,clint@zapgo.co.uk,,,,,,,,,Sales,,,,,,,,
2025-08-15,7451241000000186975,EMV-000054,,Closed,7451241000000112659,Pool Care Specialists,,false,2025-08-22,,USD,1.00,item_level,true,Easy - USD,0.00,350.00,350.00,0.00,0.00,0.00,0.00,Adjustment,,2025-08-16,7,Net 7,0.00,0.00,,Thanks for your business.,,0.0,0.00,,,,,,Custom Deluge Support,Automation for Customer and Properties Linkup and Showing as Related List,1.00,0.00,0.00,350.00,,350.00,7451241000000179683,,,,,false,false,false,false,false,false,false,false,false,false,false,false,false,false,false,false,false,Doug Holcombe,"2201 Long Prairie Rd Ste 107-123
Flower Mound",,,Texas,U.S.A,75022,,,,,,,,,,,,,,0.00,,,doug@poolcarespecialists.com,,972-829-8485,,,,,,,Sales,,,,,,,,
2025-08-19,7451241000000186995,EMV-000057,,Closed,7451241000000112623,Sydney CRM Development,,false,2025-08-26,,AUD,0.648674,item_level,true,Easy - USD,0.00,682.50,682.50,0.00,0.00,0.00,0.00,Adjustment,,2025-08-22,7,Net 7,0.00,0.00,,Thanks for your business.,,0.0,0.00,,,,,,Custom Widget Development,"Ongoing Widget Development from August 1 to 15
15 USD = 23.12 AUD",29.52,0.00,0.00,682.50,,23.12,7451241000000179648,,,,,false,false,false,false,false,false,false,false,false,false,false,false,false,false,false,false,false,,,,,,,,,,,,,,,,,,,,,0.00,,,zamil-uddin123@hotmail.com,,,,,,,,,Sales,,,,,,,,
2025-08-21,7451241000000187015,EMV-000058,,Closed,7451241000000112659,Pool Care Specialists,,false,2025-08-28,,USD,1.00,item_level,true,Easy - USD,0.00,125.00,125.00,0.00,0.00,0.00,0.00,Adjustment,,2025-08-22,7,Net 7,0.00,0.00,,Thanks for your business.,,0.0,0.00,,,,,,Custom Widget Development,Widget and Automation for Zillow Integration,1.00,0.00,0.00,125.00,,125.00,7451241000000179648,,,,,false,false,false,false,false,false,false,false,false,false,false,false,false,false,false,false,false,Doug Holcombe,"2201 Long Prairie Rd Ste 107-123
Flower Mound",,,Texas,U.S.A,75022,,,,,,,,,,,,,,0.00,,,doug@poolcarespecialists.com,,972-829-8485,,,,,,,Sales,,,,,,,,
2025-09-03,7451241000000187175,EMV-000066,,Closed,7451241000000112773,Mario,,false,2025-09-10,,USD,1.00,item_level,true,Easy - USD,0.00,100.00,100.00,0.00,0.00,0.00,0.00,Adjustment,,2025-09-03,7,Net 7,0.00,0.00,,Thanks for your business.,,0.0,0.00,,,,,,Custom Deluge Support,,1.00,0.00,0.00,100.00,,100.00,7451241000000179683,,,,,false,false,false,false,false,false,false,false,false,false,false,false,false,false,false,false,false,,,,,,,,,,,,,,,,,,,,,0.00,,,,,971 (0)58 592 6416,,,,,,,Sales,,,,,,,,
2025-09-06,7451241000000187215,EMV-000068,,Closed,7451241000000112433,"Huffmaster Management, Inc.",,false,2025-09-21,,USD,1.00,item_level,true,Easy - USD,0.00,1000.00,1000.00,0.00,0.00,0.00,0.00,Adjustment,,2025-09-16,15,Net 15,0.00,0.00,,Thanks for your business.,,0.0,0.00,,,,,,Custom Widget Development,Remaining 50% of the Widget Development,1.00,0.00,0.00,1000.00,,1000.00,7451241000000179648,,,,,false,false,false,false,false,false,false,false,false,false,false,false,false,false,false,false,false,Mr. Kevin McNally,1055 W Maple Rd,,Clawson,Michigan,U.S.A,48017,,,Mr. Kevin McNally,1055 W Maple Rd,,Clawson,Michigan,U.S.A,48017,,,,,0.00,,,kmcnally@huffmaster.com,,'+12486168387,,,,,,,Sales,,,,,,,,
2025-09-17,7451241000000187235,EMV-000069,,Closed,7451241000000112623,Sydney CRM Development,,false,2025-09-24,,AUD,0.667829,item_level,true,Easy - USD,0.00,572.73,572.73,0.00,0.00,0.00,0.00,Adjustment,,2025-09-18,7,Net 7,0.00,0.00,,Thanks for your business.,,0.0,0.00,,,,,,Custom Widget Development,,25.50,0.00,0.00,572.73,,22.46,7451241000000179648,,,,,false,false,false,false,false,false,false,false,false,false,false,false,false,false,false,false,false,,,,,,,,,,,,,,,,,,,,,0.00,,,zamil-uddin123@hotmail.com,,,,,,,,,Sales,,,,,,,,
2025-09-17,7451241000000187255,EMV-000070,,Closed,7451241000000112659,Pool Care Specialists,,false,2025-09-24,,USD,1.00,item_level,true,Easy - USD,0.00,165.00,165.00,0.00,0.00,0.00,0.00,Adjustment,,2025-09-17,7,Net 7,0.00,0.00,,Thanks for your business.,,0.0,0.00,,,,,,Custom Deluge Support,,1.00,0.00,0.00,165.00,,165.00,7451241000000179683,,,,,false,false,false,false,false,false,false,false,false,false,false,false,false,false,false,false,false,Doug Holcombe,"2201 Long Prairie Rd Ste 107-123
Flower Mound",,,Texas,U.S.A,75022,,,,,,,,,,,,,,0.00,,,doug@poolcarespecialists.com,,972-829-8485,,,,,,,Sales,,,,,,,,
2025-09-19,7451241000000187275,EMV-000071,,Closed,7451241000000112773,Mario,,false,2025-09-26,,USD,1.00,item_level,true,Easy - USD,0.00,155.00,155.00,0.00,0.00,0.00,0.00,Adjustment,,2025-09-19,7,Net 7,0.00,0.00,,Thanks for your business.,,0.0,0.00,,,,,,Custom Deluge Support,,1.00,0.00,0.00,155.00,,155.00,7451241000000179683,,,,,false,false,false,false,false,false,false,false,false,false,false,false,false,false,false,false,false,,,,,,,,,,,,,,,,,,,,,0.00,,,,,971 (0)58 592 6416,,,,,,,Sales,,,,,,,,
2025-09-25,7451241000000187293,EMV-000072,,Void,7451241000000112791,Mansha Plan,,false,2025-10-02,,CAD,0.720137,item_level,true,Easy - USD,0.00,277.72,277.72,0.00,0.00,277.72,0.00,Adjustment,,,7,Net 7,0.00,0.00,,Thanks for your business.,,0.0,0.00,,,,,,Custom Widget Development,277.72 CAD equivalent to 200 USD,1.00,0.00,0.00,277.72,,277.72,7451241000000179648,,,,,false,false,false,false,false,false,false,false,false,false,false,false,false,false,false,false,true,Hardi Anand,"Suite 202, 47 Colborne St",,Toronto,Ontario,Canada,M5E 1E3,647-893-1972,,,,,,,,,,,,,0.00,,Custom Widget for Zoho CRM Workdrive Extension,hardi@manshaplan.com,,,,,,,,,Sales,,,,,,,,
2025-09-26,7451241000000187307,EMV-000074,,Closed,7451241000000112659,Pool Care Specialists,,false,2025-10-03,,USD,1.00,item_level,true,Easy - USD,0.00,300.00,300.00,0.00,0.00,0.00,0.00,Adjustment,,2025-09-26,7,Net 7,0.00,0.00,,Thanks for your business.,,0.0,0.00,,,,,,Custom Widget Development,,1.00,0.00,0.00,300.00,,300.00,7451241000000179648,,,,,false,false,false,false,false,false,false,false,false,false,false,false,false,false,false,false,false,Doug Holcombe,"2201 Long Prairie Rd Ste 107-123
Flower Mound",,,Texas,U.S.A,75022,,,,,,,,,,,,,,0.00,,,doug@poolcarespecialists.com,,972-829-8485,,,,,,,Sales,,,,,,,,
2025-09-29,7451241000000187327,EMV-000075,,Closed,7451241000000112659,Pool Care Specialists,,false,2025-10-06,,USD,1.00,item_level,true,Easy - USD,0.00,75.00,75.00,0.00,0.00,0.00,0.00,Adjustment,,2025-09-29,7,Net 7,0.00,0.00,,Thanks for your business.,,0.0,0.00,,,,,,Custom Deluge Support,,1.00,0.00,0.00,75.00,,75.00,7451241000000179683,,,,,false,false,false,false,false,false,false,false,false,false,false,false,false,false,false,false,false,Doug Holcombe,"2201 Long Prairie Rd Ste 107-123
Flower Mound",,,Texas,U.S.A,75022,,,,,,,,,,,,,,0.00,,,doug@poolcarespecialists.com,,972-829-8485,,,,,,,Sales,,,,,,,,
2025-10-07,7451241000000187559,EMV-000089,,Closed,7451241000000112809,Linco Baxo Benelux B.V.,,false,2025-10-14,FPO-15/2025,EUR,1.168678,item_level,true,Easy - USD,0.00,825.00,825.00,0.00,0.00,0.00,0.00,Adjustment,,2025-10-08,7,Net 7,0.00,0.00,,Thanks for your business.,,0.0,0.00,,,,,,,Website Customization and Zoho Implementation,1.00,0.00,0.00,825.00,,825.00,,,,,,false,false,false,false,false,false,false,false,false,false,false,false,false,false,false,false,false,Bas de Kok,"5047 RB Tilburg, PO Box 890",,AW Tilburg,Noord-Brabant,Netherlands,5000,'+31134624090,,,,,,,,,,,,,0.00,,,info@lincobaxo.nl,,,,,,,,,Sales,,,,,,,,
2025-10-29,7451241000000187579,EMV-000091,,Closed,7451241000000112487,Everlasting Remodel,,false,2025-11-05,,USD,1.00,item_level,true,Easy - USD,0.00,110.00,110.00,0.00,0.00,0.00,0.00,Adjustment,,2025-11-10,7,Net 7,0.00,0.00,,Thanks for your business.,,0.0,0.00,,,,,,Custom Deluge Support,,1.00,0.00,0.00,110.00,,110.00,7451241000000179683,,,,,false,false,false,false,false,false,false,false,false,false,false,false,false,false,false,false,false,Mr. Yoav Hodd,4438 Ingraham St,,San Diego,California,U.S.A,92109,'+1 (858) 250-3233,,,,,,,,,,,,,0.00,,,Invoice@everlastingremodel.com,,'+1 (858) 250-3233,,,,,,,Sales,,,,,,,,
2026-01-02,7451241000000187719,EMV-000098,,Closed,7451241000000112709,Fiverr,,false,2026-01-09,,USD,1.00,item_level,true,Easy - USD,0.00,100.00,100.00,0.00,0.00,0.00,0.00,Adjustment,,2026-01-03,7,Net 7,0.00,0.00,,Thanks for your business.,,0.0,0.00,,,,,,Custom Deluge Support,,1.00,0.00,0.00,100.00,,100.00,7451241000000179683,,,,,false,false,false,false,false,false,false,false,false,false,false,false,false,false,false,false,false,,,,,,,,,,,,,,,,,,,,,0.00,,,,,,,,,,,,Sales,,,,,,,,Rayhan
2025-04-29,7451241000000233809,INV-000117,,Closed,7451241000000233755,Opening Balance USD,,true,2025-05-06,,USD,1.00,item_level,true,Easy - USD,0.00,5900.00,5900.00,0.00,0.00,0.00,0.00,Adjustment,,2025-04-29,7,Net 7,0.00,0.00,,Thanks for your business.,,0.0,0.00,,,,,,,opening Balance ,1.00,0.00,0.000,5900.00,,5900.00,,,,,,false,false,false,false,false,false,false,false,false,false,false,false,false,false,false,false,false,,,,,,,,,,,,,,,,,,,,,0.00,,,,,,,,,,,,Sales,,,,,,,,
2025-04-29,7451241000000233871,INV-000118,,Closed,7451241000000233791,Opening Balance EUR,,true,2025-05-06,,EUR,1.13896,item_level,true,Easy - USD,0.00,75.00,75.00,0.00,0.00,0.00,0.00,Adjustment,,2025-04-29,7,Net 7,0.00,0.00,,Thanks for your business.,,0.0,0.00,,,,,,,Opening Balancd,1.00,0.00,0.000,75.00,,75.00,,,,,,false,false,false,false,false,false,false,false,false,false,false,false,false,false,false,false,false,,,,,,,,,,,,,,,,,,,,,0.00,,,,,,,,,,,,Sales,,,,,,,,
2025-04-29,7451241000000233933,INV-000119,,Closed,7451241000000233773,Opening Balance AUD,,true,2025-05-06,,AUD,0.63868,item_level,true,Easy - USD,0.00,113.00,113.00,0.00,0.00,0.00,0.00,Adjustment,,2025-04-29,7,Net 7,0.00,0.00,,Thanks for your business.,,0.0,0.00,,,,,,,Opening Balance,1.00,0.00,0.000,113.00,,113.00,,,,,,false,false,false,false,false,false,false,false,false,false,false,false,false,false,false,false,false,,,,,,,,,,,,,,,,,,,,,0.00,,,,,,,,,,,,Sales,,,,,,,,
2026-01-05,7451241000000237059,INV-000120,,Closed,7451241000000112487,Everlasting Remodel,,true,2026-01-12,,USD,1.00,item_level,true,Easy - USD,0.00,350.00,350.00,0.00,0.00,0.00,0.00,Adjustment,,2026-01-05,7,Net 7,0.00,0.00,,Thanks for your business.,"Paypal Email
admin@bitcode.pro

you can send the amount to him, send me copy of screenshot after sending",0.0,0.00,,,,,,Custom Deluge Scripts,Custom Deluge Script,14.12,0.00,0.000,353.00,,25.00,7451241000000111019,,,,,false,false,false,false,false,false,false,false,false,false,false,false,false,false,false,false,false,Mr. Yoav Hodd,4438 Ingraham St,,San Diego,California,U.S.A,92109,'+1 (858) 250-3233,,,,,,,,,,,,,0.00,,,Invoice@everlastingremodel.com,,'+1 (858) 250-3233,,,,,,,Sales,,,,,,,,Towmir
2026-01-05,7451241000000237059,INV-000120,,Closed,7451241000000112487,Everlasting Remodel,,true,2026-01-12,,USD,1.00,item_level,true,Easy - USD,0.00,350.00,350.00,0.00,0.00,0.00,0.00,Adjustment,,2026-01-05,7,Net 7,0.00,0.00,,Thanks for your business.,"Paypal Email
admin@bitcode.pro

you can send the amount to him, send me copy of screenshot after sending",0.0,0.00,,,,,,,Discount,1.00,0.00,0.000,-3.00,,-3.00,,,,,,false,false,false,false,false,false,false,false,false,false,false,false,false,false,false,false,false,Mr. Yoav Hodd,4438 Ingraham St,,San Diego,California,U.S.A,92109,'+1 (858) 250-3233,,,,,,,,,,,,,0.00,,,Invoice@everlastingremodel.com,,'+1 (858) 250-3233,,,,,,,Sales,,,,,,,,Towmir
2026-01-05,7451241000000239053,INV-000121,,Closed,7451241000000239035,KMR Tax Consultants,,true,2026-01-12,,USD,1.00,item_level,true,Easy - USD,0.00,100.00,100.00,0.00,0.00,0.00,0.00,Adjustment,,2026-01-05,7,Net 7,0.00,0.00,,Thanks for your business.,,0.0,0.00,,,,,,Custom Deluge Scripts,Custom Deluge Script,1.00,0.00,0.000,100.00,,100.00,7451241000000111019,,,,,false,false,false,false,false,false,false,false,false,false,false,false,false,false,false,false,false,Kate Roper Bell,4426 NW 74th Ave,,Miami,Florida,U.S.A,33166,'+1-3057202945,,,,,,,,,,,,,0.00,,,kate@kmrtax.com,,'+1-3057202945,,,,,,,Sales,,,,,,,,Towmir
2025-11-30,7451241000000244145,INV-000122,,Closed,7451241000000112519,Boosted,,true,2025-12-07,,USD,1.00,item_level,true,Easy - USD,0.00,500.00,500.00,0.00,0.00,0.00,0.00,Adjustment,,2025-11-30,7,Net 7,0.00,0.00,,Thanks for your business.,,0.0,0.00,,,,,,Custom Deluge Support,,1.00,0.00,0.000,500.00,,500.00,7451241000000179683,,,,,false,false,false,false,false,false,false,false,false,false,false,false,false,false,false,false,false,Mr. Mark Fahimi,"200 Spectrum Center
Dr. #300",,Irvine,California,U.S.A,92618,,,,,,,,,,,,,,0.00,,,,,,,,,,,,Sales,,,,,,,,
2026-01-14,7451241000000251019,INV-000123,,Closed,7451241000000251001,Taniel Chemsian Properties,,true,2026-01-21,,USD,1.00,item_level,true,Easy - USD,0.00,100.00,100.00,0.00,0.00,0.00,0.00,Adjustment,,2026-01-18,7,Net 7,0.00,0.00,,Thanks for your business.,,0.0,0.00,,,,,,Custom Widget Development,Customizing Widget for Product Module to Show Content only for Product Owner and 3 other emails login,1.00,0.00,0.000,100.00,,100.00,7451241000000179648,,,,,false,false,false,false,false,false,false,false,false,false,false,false,false,false,false,false,false,Taniel Chemsian,Calle Pulpito 242,"Col Amapas, Puerto",Puerto Vallarta,Jalisco,Mexico,CP 48399,,,,,,,,,,,,,,0.00,,,taniel@tanielchemsian.com,,,,,,,,,Sales,,,,,,,,
2025-04-07,7451241000000255015,INV-000124,,Draft,7451241000000255001,Zoho Australia,,true,2025-04-14,,AUD,0.599825,item_level,true,Easy - AUD,0.00,3215.00,3215.00,0.00,0.00,3215.00,0.00,Adjustment,,,7,Net 7,0.00,0.00,,Thanks for your business.,,0.0,0.00,,,,,,Partners Commission,Partners Commission from Zoho,1.00,0.00,0.000,3215.00,,3215.00,7451241000000157001,,,,,false,false,false,false,false,false,false,false,false,false,false,false,false,false,false,false,false,,,,,,,,,,,,,,,,,,,,,0.00,,,,,,,,,,,,General Income,,,,,,,,
2025-05-24,7451241000000255027,INV-000125,,Draft,7451241000000255001,Zoho Australia,,true,2025-05-31,,AUD,0.6496,item_level,true,Easy - AUD,0.00,1083.00,1083.00,0.00,0.00,1083.00,0.00,Adjustment,,,7,Net 7,0.00,0.00,,Thanks for your business.,,0.0,0.00,,,,,,Partners Commission,Partners Commission from Zoho,1.00,0.00,0.000,1083.00,,1083.00,7451241000000157001,,,,,false,false,false,false,false,false,false,false,false,false,false,false,false,false,false,false,false,,,,,,,,,,,,,,,,,,,,,0.00,,,,,,,,,,,,General Income,,,,,,,,
2025-06-03,7451241000000255053,INV-000126,,Draft,7451241000000255039,Zoho Singapore,,true,2025-06-10,,USD,1.00,item_level,true,Easy - USD,0.00,809.99,809.99,0.00,0.00,809.99,0.00,Adjustment,,,7,Net 7,0.00,0.00,,Thanks for your business.,,0.0,0.00,,,,,,Partners Commission,Partners Commission from Zoho,1.00,0.00,0.000,809.99,,809.99,7451241000000157001,,,,,false,false,false,false,false,false,false,false,false,false,false,false,false,false,false,false,false,,,,,,,,,,,,,,,,,,,,,0.00,,,,,,,,,,,,General Income,,,,,,,,
2025-06-03,7451241000000255066,INV-000127,,Draft,7451241000000255001,Zoho Australia,,true,2025-06-10,,AUD,0.646445,item_level,true,Easy - AUD,0.00,1507.21,1507.21,0.00,0.00,1507.21,0.00,Adjustment,,,7,Net 7,0.00,0.00,,Thanks for your business.,,0.0,0.00,,,,,,Partners Commission,Partners Commission from Zoho,1.00,0.00,0.000,1507.21,,1507.21,7451241000000157001,,,,,false,false,false,false,false,false,false,false,false,false,false,false,false,false,false,false,false,,,,,,,,,,,,,,,,,,,,,0.00,,,,,,,,,,,,General Income,,,,,,,,
2025-07-27,7451241000000255078,INV-000128,,Draft,7451241000000255001,Zoho Australia,,true,2025-08-03,,AUD,0.657089,item_level,true,Easy - AUD,0.00,2966.67,2966.67,0.00,0.00,2966.67,0.00,Adjustment,,,7,Net 7,0.00,0.00,,Thanks for your business.,,0.0,0.00,,,,,,Partners Commission,Partners Commission from Zoho,1.00,0.00,0.000,2966.67,,2966.67,7451241000000157001,,,,,false,false,false,false,false,false,false,false,false,false,false,false,false,false,false,false,false,,,,,,,,,,,,,,,,,,,,,0.00,,,,,,,,,,,,General Income,,,,,,,,
2025-08-31,7451241000000255090,INV-000129,,Draft,7451241000000255001,Zoho Australia,,true,2025-09-07,,AUD,0.65431,item_level,true,Easy - AUD,0.00,2058.62,2058.62,0.00,0.00,2058.62,0.00,Adjustment,,,7,Net 7,0.00,0.00,,Thanks for your business.,,0.0,0.00,,,,,,Partners Commission,Partners Commission from Zoho,1.00,0.00,0.000,2058.62,,2058.62,7451241000000157001,,,,,false,false,false,false,false,false,false,false,false,false,false,false,false,false,false,false,false,,,,,,,,,,,,,,,,,,,,,0.00,,,,,,,,,,,,General Income,,,,,,,,
2025-08-31,7451241000000255102,INV-000130,,Draft,7451241000000255039,Zoho Singapore,,true,2025-09-07,,USD,1.00,item_level,true,Easy - USD,0.00,510.29,510.29,0.00,0.00,510.29,0.00,Adjustment,,,7,Net 7,0.00,0.00,,Thanks for your business.,,0.0,0.00,,,,,,Partners Commission,Partners Commission from Zoho,1.00,0.00,0.000,510.29,,510.29,7451241000000157001,,,,,false,false,false,false,false,false,false,false,false,false,false,false,false,false,false,false,false,,,,,,,,,,,,,,,,,,,,,0.00,,,,,,,,,,,,General Income,,,,,,,,
2025-09-29,7451241000000255115,INV-000131,,Draft,7451241000000255001,Zoho Australia,,true,2025-10-06,,AUD,0.658,item_level,true,Easy - AUD,0.00,1308.27,1308.27,0.00,0.00,1308.27,0.00,Adjustment,,,7,Net 7,0.00,0.00,,Thanks for your business.,,0.0,0.00,,,,,,Partners Commission,Partners Commission from Zoho,1.00,0.00,0.000,1308.27,,1308.27,7451241000000157001,,,,,false,false,false,false,false,false,false,false,false,false,false,false,false,false,false,false,false,,,,,,,,,,,,,,,,,,,,,0.00,,,,,,,,,,,,General Income,,,,,,,,
2025-10-15,7451241000000255127,INV-000132,,Draft,7451241000000255001,Zoho Australia,,true,2025-10-22,,AUD,0.650773,item_level,true,Easy - AUD,0.00,1628.38,1628.38,0.00,0.00,1628.38,0.00,Adjustment,,,7,Net 7,0.00,0.00,,Thanks for your business.,,0.0,0.00,,,,,,Partners Commission,Partners Commission from Zoho,1.00,0.00,0.000,1628.38,,1628.38,7451241000000157001,,,,,false,false,false,false,false,false,false,false,false,false,false,false,false,false,false,false,false,,,,,,,,,,,,,,,,,,,,,0.00,,,,,,,,,,,,General Income,,,,,,,,
2025-12-15,7451241000000255139,INV-000133,,Draft,7451241000000255001,Zoho Australia,,true,2025-12-22,,AUD,0.664142,item_level,true,Easy - AUD,0.00,1986.75,1986.75,0.00,0.00,1986.75,0.00,Adjustment,,,7,Net 7,0.00,0.00,,Thanks for your business.,,0.0,0.00,,,,,,Partners Commission,Partners Commission from Zoho,1.00,0.00,0.000,1986.75,,1986.75,7451241000000157001,,,,,false,false,false,false,false,false,false,false,false,false,false,false,false,false,false,false,false,,,,,,,,,,,,,,,,,,,,,0.00,,,,,,,,,,,,General Income,,,,,,,,
2025-12-07,7451241000000255151,INV-000134,,Draft,7451241000000255039,Zoho Singapore,,true,2025-12-14,,USD,1.00,item_level,true,Easy - USD,0.00,871.89,871.89,0.00,0.00,871.89,0.00,Adjustment,,,7,Net 7,0.00,0.00,,Thanks for your business.,,0.0,0.00,,,,,,Partners Commission,Partners Commission from Zoho,1.00,0.00,0.000,871.89,,871.89,7451241000000157001,,,,,false,false,false,false,false,false,false,false,false,false,false,false,false,false,false,false,false,,,,,,,,,,,,,,,,,,,,,0.00,,,,,,,,,,,,General Income,,,,,,,,
2026-01-16,7451241000000256001,INV-000135,,Closed,7451241000000112623,Sydney CRM Development,,true,2026-01-23,,AUD,0.670327,item_level,true,Easy - AUD,0.00,3881.59,3881.59,0.00,0.00,0.00,0.00,Adjustment,,2026-01-19,7,Net 7,0.00,0.00,,Thanks for your business.,,0.0,0.00,,,,,,Custom Widget Development,From Jan 01 to Jan 15,173.44,0.00,0.000,3881.59,,22.38,7451241000000179648,,,,,false,false,false,false,false,false,false,false,false,false,false,false,false,false,false,false,false,,,,,,,,,,,,,,,,,,,,,0.00,,,zamil-uddin123@hotmail.com,,,,,,,,,Sales,,,,,,,,
2026-01-28,7451241000000270589,INV-000137,,Closed,7451241000000112519,Boosted,,true,2026-02-04,,USD,1.00,item_level,true,Easy - USD,0.00,500.00,500.00,0.00,0.00,0.00,0.00,Adjustment,,2026-01-30,7,Net 7,0.00,0.00,,Thanks for your business.,,0.0,0.00,,,,,,Ongoing Zoho Support,,1.00,0.00,0.000,500.00,,500.00,7451241000000112865,,,,Monthly Payment of 500,false,false,false,false,false,false,false,false,false,false,false,false,false,false,false,false,false,Mr. Mark Fahimi,"200 Spectrum Center
Dr. #300",,Irvine,California,U.S.A,92618,,,,,,,,,,,,,,0.00,,,,,,,,,,,,Sales,,,,,,,,
2026-01-28,7451241000000270623,INV-000138,,Closed,7451241000000112505,Zoho Canada Corporation,,true,2026-02-12,,CAD,0.735674,item_level,true,Easy - CAD,0.00,545.05,545.05,0.00,0.00,0.00,0.00,Adjustment,,2026-02-16,15,Net 15,0.00,0.00,,Thanks for your business.,,0.0,0.00,,,,,,Partners Commission,Partners Commission from Zoho,1.00,0.00,0.000,545.05,,545.05,7451241000000157001,,,,Partner Commission Canada,false,false,false,false,false,false,false,false,false,false,false,false,false,false,false,false,false,Zoho Canada Corporation,"705 Cotton Mill Street,
Unit 116",,Cornwall,Ontario,Canada,K6H 7K7,,,,,,,,,,,,,,0.00,,,,,,,,,,,,General Income,,,,,,,,
2026-01-28,7451241000000270759,INV-000142,,Closed,7451241000000112609,ZOHO Corporation Limited,,true,2026-02-12,,GBP,1.382562,item_level,true,Easy - GBP,0.00,664.30,664.30,0.00,0.00,0.00,0.00,Adjustment,,2026-02-13,15,Net 15,0.00,0.00,,Thanks for your business.,,0.0,0.00,,,,,,Partners Commission,Partners Commission from Zoho,1.00,0.00,0.000,664.30,,664.30,7451241000000157001,,,,Partner Commison USA,false,false,false,false,false,false,false,false,false,false,false,false,false,false,false,false,false,,"Suite 1.09, Challenge House
Sherwood Drive, Bletchley, Milton Keynes",,,Buckinghamshire,United Kingdom,MK3 6DP,,,,,,,,,,,,,,0.00,,,,,,,,,,,,General Income,,,,,,,,
2026-01-28,7451241000000270793,INV-000143,,Closed,7451241000000112573,Pro Playground,,true,2026-02-07,,USD,1.00,item_level,true,Easy - USD,0.00,1500.90,1500.90,0.00,0.00,0.00,0.00,Adjustment,,2026-02-09,10,Custom,0.00,0.00,,Thanks for your business.,,0.0,0.00,,,,,,Custom Deluge Scripts,Proplaygrounds MiscellaneousTasks,1.50,0.00,0.000,45.00,,30.00,7451241000000111019,,,,ProPlayground Monthly Invoice,false,false,false,false,false,false,false,false,false,false,false,false,false,false,false,false,false,Mr. Paul Adriaanse,,,,Florida,U.S.A,,1-800-573-7529,,,,,,,,,,,,,0.00,,,info@proplaygrounds.com,,,,,,,,,Sales,,,,,,,,
2026-01-28,7451241000000270793,INV-000143,,Closed,7451241000000112573,Pro Playground,,true,2026-02-07,,USD,1.00,item_level,true,Easy - USD,0.00,1500.90,1500.90,0.00,0.00,0.00,0.00,Adjustment,,2026-02-09,10,Custom,0.00,0.00,,Thanks for your business.,,0.0,0.00,,,,,,Custom Deluge Scripts,Proplaygrounds Books Quote Module Automation,6.35,0.00,0.000,190.50,,30.00,7451241000000111019,,,,ProPlayground Monthly Invoice,false,false,false,false,false,false,false,false,false,false,false,false,false,false,false,false,false,Mr. Paul Adriaanse,,,,Florida,U.S.A,,1-800-573-7529,,,,,,,,,,,,,0.00,,,info@proplaygrounds.com,,,,,,,,,Sales,,,,,,,,
2026-01-28,7451241000000270793,INV-000143,,Closed,7451241000000112573,Pro Playground,,true,2026-02-07,,USD,1.00,item_level,true,Easy - USD,0.00,1500.90,1500.90,0.00,0.00,0.00,0.00,Adjustment,,2026-02-09,10,Custom,0.00,0.00,,Thanks for your business.,,0.0,0.00,,,,,,Custom Deluge Scripts,Proplaygrounds Deal Blueprint Widget Version 2,3.39,0.00,0.000,101.70,,30.00,7451241000000111019,,,,ProPlayground Monthly Invoice,false,false,false,false,false,false,false,false,false,false,false,false,false,false,false,false,false,Mr. Paul Adriaanse,,,,Florida,U.S.A,,1-800-573-7529,,,,,,,,,,,,,0.00,,,info@proplaygrounds.com,,,,,,,,,Sales,,,,,,,,
2026-01-28,7451241000000270793,INV-000143,,Closed,7451241000000112573,Pro Playground,,true,2026-02-07,,USD,1.00,item_level,true,Easy - USD,0.00,1500.90,1500.90,0.00,0.00,0.00,0.00,Adjustment,,2026-02-09,10,Custom,0.00,0.00,,Thanks for your business.,,0.0,0.00,,,,,,Custom Deluge Scripts,Proplaygrounds Quotes Clone Widget,5.20,0.00,0.000,156.00,,30.00,7451241000000111019,,,,ProPlayground Monthly Invoice,false,false,false,false,false,false,false,false,false,false,false,false,false,false,false,false,false,Mr. Paul Adriaanse,,,,Florida,U.S.A,,1-800-573-7529,,,,,,,,,,,,,0.00,,,info@proplaygrounds.com,,,,,,,,,Sales,,,,,,,,
2026-01-28,7451241000000270793,INV-000143,,Closed,7451241000000112573,Pro Playground,,true,2026-02-07,,USD,1.00,item_level,true,Easy - USD,0.00,1500.90,1500.90,0.00,0.00,0.00,0.00,Adjustment,,2026-02-09,10,Custom,0.00,0.00,,Thanks for your business.,,0.0,0.00,,,,,,Custom Deluge Scripts,Proplaygrounds Zoho Forms Implementation,4.47,0.00,0.000,134.10,,30.00,7451241000000111019,,,,ProPlayground Monthly Invoice,false,false,false,false,false,false,false,false,false,false,false,false,false,false,false,false,false,Mr. Paul Adriaanse,,,,Florida,U.S.A,,1-800-573-7529,,,,,,,,,,,,,0.00,,,info@proplaygrounds.com,,,,,,,,,Sales,,,,,,,,
2026-01-28,7451241000000270793,INV-000143,,Closed,7451241000000112573,Pro Playground,,true,2026-02-07,,USD,1.00,item_level,true,Easy - USD,0.00,1500.90,1500.90,0.00,0.00,0.00,0.00,Adjustment,,2026-02-09,10,Custom,0.00,0.00,,Thanks for your business.,,0.0,0.00,,,,,,Custom Deluge Scripts,Proplaygrounds Personnel Management Implementation,7.60,0.00,0.000,228.00,,30.00,7451241000000111019,,,,ProPlayground Monthly Invoice,false,false,false,false,false,false,false,false,false,false,false,false,false,false,false,false,false,Mr. Paul Adriaanse,,,,Florida,U.S.A,,1-800-573-7529,,,,,,,,,,,,,0.00,,,info@proplaygrounds.com,,,,,,,,,Sales,,,,,,,,
2026-01-28,7451241000000270793,INV-000143,,Closed,7451241000000112573,Pro Playground,,true,2026-02-07,,USD,1.00,item_level,true,Easy - USD,0.00,1500.90,1500.90,0.00,0.00,0.00,0.00,Adjustment,,2026-02-09,10,Custom,0.00,0.00,,Thanks for your business.,,0.0,0.00,,,,,,Custom Deluge Scripts,Proplaygrounds Personnel Management NextJs App,21.52,0.00,0.000,645.60,,30.00,7451241000000111019,,,,ProPlayground Monthly Invoice,false,false,false,false,false,false,false,false,false,false,false,false,false,false,false,false,false,Mr. Paul Adriaanse,,,,Florida,U.S.A,,1-800-573-7529,,,,,,,,,,,,,0.00,,,info@proplaygrounds.com,,,,,,,,,Sales,,,,,,,,
2026-01-28,7451241000000270827,INV-000144,,Closed,7451241000000112555,Home Espana La Zenia S.L,,true,2026-02-04,,EUR,1.202287,item_level,true,Easy - EUR,0.00,399.90,399.90,0.00,0.00,0.00,0.00,Adjustment,,2026-02-02,7,Net 7,0.00,0.00,,Thanks for your business.,,0.0,0.00,,,,,,Custom Deluge Scripts,HIPOTEKEN: New simulations templates integraton,0.33,0.00,0.000,9.90,,30.00,7451241000000111019,,,,HomeEspana Monthly Invoice,false,false,false,false,false,false,false,false,false,false,false,false,false,false,false,false,false,Mr. Raj Kumar Sirwani,,,,,Spain,,,,,,,,,,,,,,,0.00,,,Raj@hipoteken.com,,,,,,,,,Sales,,,,,,,,
2026-01-28,7451241000000270827,INV-000144,,Closed,7451241000000112555,Home Espana La Zenia S.L,,true,2026-02-04,,EUR,1.202287,item_level,true,Easy - EUR,0.00,399.90,399.90,0.00,0.00,0.00,0.00,Adjustment,,2026-02-02,7,Net 7,0.00,0.00,,Thanks for your business.,,0.0,0.00,,,,,,Custom Deluge Scripts,Home Espana Pdf to Word Doc Conversion,12.00,0.00,0.000,360.00,,30.00,7451241000000111019,,,,HomeEspana Monthly Invoice,false,false,false,false,false,false,false,false,false,false,false,false,false,false,false,false,false,Mr. Raj Kumar Sirwani,,,,,Spain,,,,,,,,,,,,,,,0.00,,,Raj@hipoteken.com,,,,,,,,,Sales,,,,,,,,
2026-01-28,7451241000000270827,INV-000144,,Closed,7451241000000112555,Home Espana La Zenia S.L,,true,2026-02-04,,EUR,1.202287,item_level,true,Easy - EUR,0.00,399.90,399.90,0.00,0.00,0.00,0.00,Adjustment,,2026-02-02,7,Net 7,0.00,0.00,,Thanks for your business.,,0.0,0.00,,,,,,Custom Deluge Scripts,Hippotaken Zoho Booking sourced Deals Tagging automation,1.00,0.00,0.000,30.00,,30.00,7451241000000111019,,,,HomeEspana Monthly Invoice,false,false,false,false,false,false,false,false,false,false,false,false,false,false,false,false,false,Mr. Raj Kumar Sirwani,,,,,Spain,,,,,,,,,,,,,,,0.00,,,Raj@hipoteken.com,,,,,,,,,Sales,,,,,,,,
2026-01-28,7451241000000270855,INV-000145,,Closed,7451241000000112537,WOLQ B.V,,true,2026-02-10,,EUR,1.202287,item_level,true,Easy - EUR,0.00,1328.00,1328.00,0.00,0.00,0.00,0.00,Adjustment,,2026-02-24,13,Custom,0.00,0.00,,Thanks for your business.,,0.0,0.00,,,,,,Ongoing Zoho Support,,66.40,0.00,0.000,1328.00,,20.00,7451241000000112865,,,,Monthly Invoice WOLQ,false,false,false,false,false,false,false,false,false,false,false,false,false,false,false,false,false,Mr. Ralph,"Brother Waltz 25
 ZT",,Helmond,Noord-Brabant,Netherlands,5708,,,,,,,,,,,,,,0.00,,,ralph@wolq.nl,,,,,,,,,Sales,,,,,,,,
2026-01-28,7451241000000280001,INV-000147,,Closed,7451241000000255001,Zoho Australia,,true,2026-02-04,,AUD,0.699976,item_level,true,Easy - USD,0.00,1391.12,1391.12,0.00,0.00,0.00,0.00,Adjustment,,2026-01-29,7,Net 7,0.00,0.00,,Thanks for your business.,,0.0,0.00,,,,,,Partners Commission,Partners Commission from Zoho,1.00,0.00,0.000,1391.12,,1391.12,7451241000000157001,,,,,false,false,false,false,false,false,false,false,false,false,false,false,false,false,false,false,false,,,,,,,,,,,,,,,,,,,,,0.00,,,,,,,,,,,,General Income,,,,,,,,
2026-01-31,7451241000000285001,INV-000148,,Closed,7451241000000112755,Informatix Pty Ltd,,true,2026-02-10,,AUD,0.699898,item_level,true,Easy - AUD,0.00,627.00,627.00,0.00,0.00,0.00,0.00,Adjustment,,2026-02-05,10,Custom,0.00,0.00,,Thanks for your business.,,0.0,0.00,,,,,,Custom Deluge Scripts,"Sim-pro Implementation for Thorn-hill, 250 USD = AUD 357",1.00,0.00,0.000,357.00,,357.00,7451241000000111019,,,,,false,false,false,false,false,false,false,false,false,false,false,false,false,false,false,false,false,John Makras,"17 Grevillea Street Mount Gravatt
East",,QLD,,Australia,4122,,,,,,,,,,,,,,0.00,,,info@informatix.com.au,,,,,,,,,Sales,,,,,,,,
2026-01-31,7451241000000285001,INV-000148,,Closed,7451241000000112755,Informatix Pty Ltd,,true,2026-02-10,,AUD,0.699898,item_level,true,Easy - AUD,0.00,627.00,627.00,0.00,0.00,0.00,0.00,Adjustment,,2026-02-05,10,Custom,0.00,0.00,,Thanks for your business.,,0.0,0.00,,,,,,Custom Deluge Scripts,Additional 6 Hours Work for Product Fix and De duplication,6.00,0.00,0.000,270.00,,45.00,7451241000000111019,,,,,false,false,false,false,false,false,false,false,false,false,false,false,false,false,false,false,false,John Makras,"17 Grevillea Street Mount Gravatt
East",,QLD,,Australia,4122,,,,,,,,,,,,,,0.00,,,info@informatix.com.au,,,,,,,,,Sales,,,,,,,,
2026-01-31,7451241000000287081,INV-000149,,Closed,7451241000000112623,Sydney CRM Development,,true,2026-02-07,,AUD,0.696,item_level,true,Easy - AUD,0.00,3780.52,3780.52,0.00,0.00,0.00,0.00,Adjustment,,2026-02-02,7,Net 7,0.00,0.00,,Thanks for your business.,,0.0,0.00,,,,,,Custom Widget Development,,175.43,0.00,0.000,3780.52,,21.55,7451241000000179648,,,,,false,false,false,false,false,false,false,false,false,false,false,false,false,false,false,false,false,,,,,,,,,,,,,,,,,,,,,0.00,,"From Jan 16th to Jan 31, 2026",zamil-uddin123@hotmail.com,,,,,,,,,Sales,,,,,,,,"Tanveer,Redwan,Shezan"
2026-01-31,7451241000000287154,INV-000150,,Closed,7451241000000112487,Everlasting Remodel,,true,2026-02-07,,USD,1.00,item_level,true,Easy - USD,0.00,54.90,54.90,0.00,0.00,0.00,0.00,Adjustment,,2026-02-13,7,Net 7,0.00,0.00,,Thanks for your business.,,0.0,0.00,,,,,,Custom Deluge Scripts,Everlasting Remodel Deals Integration Modification,1.83,0.00,0.000,54.90,,30.00,7451241000000111019,,,,,false,false,false,false,false,false,false,false,false,false,false,false,false,false,false,false,false,Mr. Yoav Hodd,4438 Ingraham St,,San Diego,California,U.S.A,92109,'+1 (858) 250-3233,,,,,,,,,,,,,0.00,,,Invoice@everlastingremodel.com,,'+1 (858) 250-3233,,,,,,,Sales,,,,,,,,Towmir
2026-02-02,7451241000000297121,INV-000152,,Overdue,7451241000000112659,Pool Care Specialists,,true,2026-02-09,,USD,1.00,item_level,true,Easy - USD,0.00,150.00,150.00,0.00,0.00,150.00,0.00,Adjustment,,,7,Net 7,0.00,0.00,,Thanks for your business.,,0.0,0.00,,,,,,Custom Deluge Scripts,Custom Deluge Script,5.00,0.00,0.000,150.00,,30.00,7451241000000111019,,,,,false,false,false,false,false,false,false,false,false,false,false,false,false,false,false,false,false,Doug Holcombe,"2201 Long Prairie Rd Ste 107-123
Flower Mound",,,Texas,U.S.A,75022,,,,,,,,,,,,,,0.00,,,doug@poolcarespecialists.com,,972-829-8485,,,,,,,Sales,,,,,,,,
2026-02-06,7451241000000303548,INV-000153,,Closed,7451241000000303530,TM Accountant,,true,2026-02-21,,USD,1.00,item_level,true,Easy - USD,0.00,150.00,150.00,0.00,0.00,0.00,0.00,Adjustment,,2026-02-09,15,Net 15,0.00,0.00,,Thanks for your business.,,0.0,0.00,,,,,,Ongoing Zoho Support,Custom Automation and Workflow to save folders in Sharepoint,1.00,0.00,0.000,150.00,,150.00,7451241000000112865,,,,,false,false,false,false,false,false,false,false,false,false,false,false,false,false,false,false,false,Misha Storozhuk,7555 Santa Monica Blvd,,West Hollywood,California,U.S.A,90046,,,,,,,,,,,,,,0.00,,,misha@tmaccountant.us,,'+1-8478500085,,,,,,,Sales,,,,,,,,
2026-03-04,7451241000000372001,INV-000172,,Void,7451241000000093330,Union Special GmbH,,true,2026-03-19,,EUR,1.159518,item_level,true,Easy - EUR,0.00,5268.00,5268.00,0.00,0.00,5268.00,0.00,Adjustment,,,15,Net 15,0.00,0.00,,Thanks for your business.,,0.0,0.00,,,,,,Custom Widget Development,Ref. 379149,50.40,0.00,0.000,2268.00,,45.00,7451241000000179648,,,,,false,false,false,false,false,false,false,false,false,false,false,false,false,false,false,false,false,Gabriele Muninger,Raiffeisenstrasse 3,,Moeglingen,,Germany,D-71696,07141/247-225,,,,,,,,,,,,,0.00,,,gmuninger@unionspecial.de,,07141/247-225,,,,,,,Sales,,,,,,,,
2026-03-04,7451241000000372001,INV-000172,,Void,7451241000000093330,Union Special GmbH,,true,2026-03-19,,EUR,1.159518,item_level,true,Easy - EUR,0.00,5268.00,5268.00,0.00,0.00,5268.00,0.00,Adjustment,,,15,Net 15,0.00,0.00,,Thanks for your business.,,0.0,0.00,,,,,,Ongoing Zoho Support,Form Month Jan and Feb,100.00,0.00,0.000,3000.00,,30.00,7451241000000112865,,,,,false,false,false,false,false,false,false,false,false,false,false,false,false,false,false,false,false,Gabriele Muninger,Raiffeisenstrasse 3,,Moeglingen,,Germany,D-71696,07141/247-225,,,,,,,,,,,,,0.00,,,gmuninger@unionspecial.de,,07141/247-225,,,,,,,Sales,,,,,,,,
2026-03-28,7451241000000401559,INV-000174,,Void,7451241000000112519,Boosted,,true,2026-04-04,,USD,1.00,item_level,true,Easy - USD,0.00,500.00,500.00,0.00,0.00,500.00,0.00,Adjustment,,,7,Net 7,0.00,0.00,,Thanks for your business.,,0.0,0.00,,,,,,Ongoing Zoho Support,,1.00,0.00,0.000,500.00,,500.00,7451241000000112865,,,,Monthly Payment of 500,false,false,false,false,false,false,false,false,false,false,false,false,false,false,false,false,false,Mr. Mark Fahimi,"200 Spectrum Center
Dr. #300",,Irvine,California,U.S.A,92618,,,,,,,,,,,,,,0.00,,,,,,,,,,,,Sales,,,,,,,,
2026-04-28,7451241000000446279,INV-000187,,Draft,7451241000000112505,Zoho Canada Corporation,,true,2026-05-13,,CAD,0.734255,item_level,true,Easy - USD,0.00,0.00,0.00,0.00,0.00,0.00,0.00,Adjustment,,,15,Net 15,0.00,0.00,,Thanks for your business.,,0.0,0.00,,,,,,Partners Commission,Partners Commission from Zoho,1.00,0.00,0.000,0.00,,0.00,7451241000000157001,,,,Partner Commission Canada,false,false,false,false,false,false,false,false,false,false,false,false,false,false,false,false,false,Zoho Canada Corporation,"705 Cotton Mill Street,
Unit 116",,Cornwall,Ontario,Canada,K6H 7K7,,,,,,,,,,,,,,0.00,,,,,,,,,,,,General Income,,,,,,,,
2026-04-28,7451241000000446292,INV-000188,,Draft,7451241000000112591,ZOHO Corporation,,true,2026-05-13,,USD,1.00,item_level,true,Easy - USD,0.00,0.00,0.00,0.00,0.00,0.00,0.00,Adjustment,,,15,Net 15,0.00,0.00,,Thanks for your business.,,0.0,0.00,,,,,,Partners Commission,Partners Commission from Zoho,1.00,0.00,0.000,0.00,,0.00,7451241000000157001,,,,Partner Commission USA,false,false,false,false,false,false,false,false,false,false,false,false,false,false,false,false,false,Vijay Sundaram,4141 Hacienda Drive,,Pleasanton,California,U.S.A,94588-8549,,,,,,,,,,,,,,0.00,,,,,,,,,,,,General Income,,,,,,,,
2026-04-28,7451241000000446305,INV-000189,,Draft,7451241000000112723,Zoho Corporation BV,,true,2026-05-13,,EUR,1.172355,item_level,true,Easy - USD,0.00,0.00,0.00,0.00,0.00,0.00,0.00,Adjustment,,,15,Net 15,0.00,0.00,,Thanks for your business.,,0.0,0.00,,,,,,Partners Commission,Partners Commission from Zoho,1.00,0.00,0.000,0.00,,0.00,7451241000000157001,,,,Prtner Commission EURO,false,false,false,false,false,false,false,false,false,false,false,false,false,false,false,false,false,Badrinath Rajan,Beneluxlaan 4B,,HT,Utrecht,Netherlands,3527,,,,,,,,,,,,,,0.00,,,,,,,,,,,,General Income,,,,,,,,
2026-04-28,7451241000000446318,INV-000190,,Draft,7451241000000112641,Zoho Corporation Gmbh,,true,2026-05-13,,EUR,1.172355,item_level,true,Easy - USD,0.00,0.00,0.00,0.00,0.00,0.00,0.00,Adjustment,,,15,Net 15,0.00,0.00,,Thanks for your business.,,0.0,0.00,,,,,,Partners Commission,Partners Commission from Zoho,1.00,0.00,0.000,0.00,,0.00,7451241000000157001,,,,Partner Commission GBMH,false,false,false,false,false,false,false,false,false,false,false,false,false,false,false,false,false,Badrinath Rajan,Trinkausstr. 7,,"Dusseldorf,",,Germany,40213,,,,,,,,,,,,,,0.00,,,,,,,,,,,,General Income,,,,,,,,
2026-04-28,7451241000000446331,INV-000191,,Draft,7451241000000112609,ZOHO Corporation Limited,,true,2026-05-13,,GBP,1.35383,item_level,true,Easy - USD,0.00,0.00,0.00,0.00,0.00,0.00,0.00,Adjustment,,,15,Net 15,0.00,0.00,,Thanks for your business.,,0.0,0.00,,,,,,Partners Commission,Partners Commission from Zoho,1.00,0.00,0.000,0.00,,0.00,7451241000000157001,,,,Partner Commison USA,false,false,false,false,false,false,false,false,false,false,false,false,false,false,false,false,false,,"Suite 1.09, Challenge House
Sherwood Drive, Bletchley, Milton Keynes",,,Buckinghamshire,United Kingdom,MK3 6DP,,,,,,,,,,,,,,0.00,,,,,,,,,,,,General Income,,,,,,,,
2026-04-28,7451241000000446344,INV-000192,,Draft,7451241000000112573,Pro Playground,,true,2026-05-05,,USD,1.00,item_level,true,Easy - USD,0.00,0.00,0.00,0.00,0.00,0.00,0.00,Adjustment,,,7,Net 7,0.00,0.00,,Thanks for your business.,,0.0,0.00,,,,,,Custom Deluge Scripts,Custom Deluge Script,1.00,0.00,0.000,0.00,,0.00,7451241000000111019,,,,ProPlayground Monthly Invoice,false,false,false,false,false,false,false,false,false,false,false,false,false,false,false,false,false,Mr. Paul Adriaanse,,,,Florida,U.S.A,,1-800-573-7529,,,,,,,,,,,,,0.00,,,info@proplaygrounds.com,,,,,,,,,Sales,,,,,,,,
2026-04-28,7451241000000446357,INV-000193,,Draft,7451241000000112555,Home Espana La Zenia S.L,,true,2026-05-05,,EUR,1.172355,item_level,true,Easy - USD,0.00,0.00,0.00,0.00,0.00,0.00,0.00,Adjustment,,,7,Net 7,0.00,0.00,,Thanks for your business.,,0.0,0.00,,,,,,Custom Deluge Scripts,Custom Deluge Script,1.00,0.00,0.000,0.00,,0.00,7451241000000111019,,,,HomeEspana Monthly Invoice,false,false,false,false,false,false,false,false,false,false,false,false,false,false,false,false,false,Mr. Raj Kumar Sirwani,,,,,Spain,,,,,,,,,,,,,,,0.00,,,Raj@hipoteken.com,,,,,,,,,Sales,,,,,,,,
2026-04-28,7451241000000446370,INV-000194,,Draft,7451241000000112537,WOLQ B.V,,true,2026-05-05,,EUR,1.172355,item_level,true,Easy - USD,0.00,0.00,0.00,0.00,0.00,0.00,0.00,Adjustment,,,7,Net 7,0.00,0.00,,Thanks for your business.,,0.0,0.00,,,,,,Ongoing Zoho Support,,1.00,0.00,0.000,0.00,,0.00,7451241000000112865,,,,Monthly Invoice WOLQ,false,false,false,false,false,false,false,false,false,false,false,false,false,false,false,false,false,Mr. Ralph,"Brother Waltz 25
 ZT",,Helmond,Noord-Brabant,Netherlands,5708,,,,,,,,,,,,,,0.00,,,ralph@wolq.nl,,,,,,,,,Sales,,,,,,,,
2025-04-23,7451241000000185779,EMV-000001,2026-02-14,Closed,7451241000000112415,Insta Web Works Pty Ltd,,false,2025-05-08,,USD,1.00,item_level,true,Easy - USD,0.00,100.00,100.00,0.00,0.00,0.00,0.00,Adjustment,,2025-04-24,15,Net 15,0.00,0.00,,Thanks for your business.,,0.0,0.00,,,,,,Custom Deluge Scripts,Custom Deluge Script,1.00,0.00,0.00,100.00,,100.00,7451241000000111019,,,,,false,false,false,false,false,false,false,false,false,false,false,false,false,false,false,false,false,Mahmudul Hassan,"12 Dimboola Rd, Broadmeadows",,Melbourne,Victoria,Australia,3047,,,,,,,,,,,,,,0.00,,,info@instawebworks.com.au,,,,,,,,,Sales,,,,,,,,
2025-04-24,7451241000000185799,EMV-000002,2026-02-14,Closed,7451241000000112433,"Huffmaster Management, Inc.",,false,2025-05-01,,USD,1.00,item_level,true,Easy - USD,0.00,1000.00,1000.00,0.00,0.00,0.00,0.00,Adjustment,,2025-05-02,7,Net 7,0.00,0.00,,"Thanks for your business.
",,0.0,0.00,,,,,,Custom Widget Development,,1.00,0.00,0.00,1000.00,,1000.00,7451241000000179648,,,,,false,false,false,false,false,false,false,false,false,false,false,false,false,false,false,false,false,Mr. Kevin McNally,1055 W Maple Rd,,Clawson,Michigan,U.S.A,48017,,,Mr. Kevin McNally,1055 W Maple Rd,,Clawson,Michigan,U.S.A,48017,,,,,0.00,,,kmcnally@huffmaster.com,,'+12486168387,,,,,,,Sales,,,,,,,,
2025-04-25,7451241000000185819,EMV-000004,2026-02-14,Closed,7451241000000099013,AptaVista Consulting,,false,2025-05-02,,USD,1.00,item_level,true,Easy - USD,0.00,250.00,250.00,0.00,0.00,0.00,0.00,Adjustment,,2025-05-04,7,Net 7,0.00,0.00,,Thanks for your business.,,0.0,0.00,,,,,,Custom Deluge Scripts,Custom Deluge Script,1.00,0.00,0.00,250.00,,250.00,7451241000000111019,,,,,false,false,false,false,false,false,false,false,false,false,false,false,false,false,false,false,false,Mr. Lee Najjar,,,,,U.S.A,,,,,,,,,,,,,,,0.00,,,lee@aptavista.com,,703-326-0670,,,,,,,Sales,,,,,,,,
2025-04-25,7451241000000185839,EMV-000005,2026-02-14,Closed,7451241000000112469,GED Ltd,,false,2025-05-02,,EUR,1.13612,item_level,true,Easy - USD,0.00,182.10,182.10,0.00,0.00,0.00,0.00,Adjustment,,2025-06-04,7,Net 7,0.00,0.00,,Thanks for your business.,,0.0,0.00,,,,,,Custom Deluge Scripts,Custom Deluge Script,6.07,0.00,0.00,182.10,,30.00,7451241000000111019,,,,,false,false,false,false,false,false,false,false,false,false,false,false,false,false,false,false,false,Ivan Staykov,36 Vasil Drumev Str.,,,Sofia,Bulgaria,1505,'+35928061203,'+359887921438,,,,,,,,,,,,0.00,,,ivan.staykov@gedbg.com,,,,,,,,,Sales,,,,,,,,
2025-12-31,7451241000000187699,EMV-000097,2026-02-14,Closed,7451241000000112505,Zoho Canada Corporation,,false,2026-01-15,,CAD,0.728586,item_level,true,Easy - USD,0.00,838.02,838.02,0.00,0.00,0.00,0.00,Adjustment,,2026-01-19,15,Net 15,0.00,0.00,,Thanks for your business.,,0.0,0.00,,,,,,Partners Commission,Partners Commission from Zoho,1.00,0.00,0.00,838.02,,838.02,7451241000000157001,,,,,false,false,false,false,false,false,false,false,false,false,false,false,false,false,false,false,false,Zoho Canada Corporation,"705 Cotton Mill Street,
Unit 116",,Cornwall,Ontario,Canada,K6H 7K7,,,,,,,,,,,,,,0.00,,,,,,,,,,,,General Income,,,,,,,,
2025-10-05,7451241000000187499,EMV-000084,2026-02-14,Closed,7451241000000112505,Zoho Canada Corporation,,false,2025-10-20,,CAD,0.715999,item_level,true,Easy - USD,0.00,636.08,636.08,0.00,0.00,0.00,0.00,Adjustment,,2025-10-22,15,Net 15,0.00,0.00,,Thanks for your business.,,0.0,0.00,,,,,,Partners Commission,Partners Commission from Zoho,1.00,0.00,0.00,636.08,,636.08,7451241000000157001,,,,,false,false,false,false,false,false,false,false,false,false,false,false,false,false,false,false,false,Zoho Canada Corporation,"705 Cotton Mill Street,
Unit 116",,Cornwall,Ontario,Canada,K6H 7K7,,,,,,,,,,,,,,0.00,,,,,,,,,,,,General Income,,,,,,,,
2025-08-01,7451241000000186727,EMV-000045,2026-02-14,Closed,7451241000000112505,Zoho Canada Corporation,,false,2025-08-16,,CAD,0.726118,item_level,true,Easy - USD,0.00,828.50,828.50,0.00,0.00,0.00,0.00,Adjustment,,2025-08-15,15,Net 15,0.00,0.00,,Thanks for your business.,,0.0,0.00,,,,,,Partners Commission,Partners Commission from Zoho,1.00,0.00,0.00,828.50,,828.50,7451241000000157001,,,,,false,false,false,false,false,false,false,false,false,false,false,false,false,false,false,false,false,Zoho Canada Corporation,"705 Cotton Mill Street,
Unit 116",,Cornwall,Ontario,Canada,K6H 7K7,,,,,,,,,,,,,,0.00,,,,,,,,,,,,General Income,,,,,,,,
2025-04-29,7451241000000185881,EMV-000007,2026-02-14,Closed,7451241000000112505,Zoho Canada Corporation,,false,2025-05-14,,CAD,0.721691,item_level,true,Easy - USD,0.00,976.69,976.69,0.00,0.00,0.00,0.00,Adjustment,,2025-05-16,15,Net 15,0.00,0.00,,Thanks for your business.,"
Bank Details
Bank name: Citibank NA Canadian Branch
Bank address: 123 Front St. West Toronto, ON M5J 2M3
Institution number: 0328
Transit number: 20012
Account type: CHECKING
Account number: 3001392493
Beneficiary name: Emranul Hassan

General guidelines
1. Only payments for business transactions from business accounts are supported
2. Account can be used to receive local bank transfers within Canada in CAD via the EFT network
3. International bank transfers are not supported
4. Wire Transfer are not supported
",0.0,0.00,,,,,,Partners Commission,Partners Commission from Zoho,1.00,0.00,0.00,976.69,,976.69,7451241000000157001,,,,,false,false,false,false,false,false,false,false,false,false,false,false,false,false,false,false,false,Zoho Canada Corporation,"705 Cotton Mill Street,
Unit 116",,Cornwall,Ontario,Canada,K6H 7K7,,,,,,,,,,,,,,0.00,,,,,,,,,,,,General Income,,,,,,,,
2026-01-28,7451241000000279001,INV-000146,2026-02-14,Closed,7451241000000255001,Zoho Australia,,true,2026-02-04,,AUD,0.70034,item_level,true,Easy - USD,0.00,2265.16,2265.16,0.00,0.00,0.00,0.00,Adjustment,,2026-01-28,7,Net 7,0.00,0.00,,Thanks for your business.,,0.0,0.00,,,,,,Partners Commission,Partners Commission from Zoho,1.00,0.00,0.000,2265.16,,2265.16,7451241000000157001,,,,,false,false,false,false,false,false,false,false,false,false,false,false,false,false,false,false,false,,,,,,,,,,,,,,,,,,,,,0.00,,,,,,,,,,,,General Income,,,,,,,,
2025-10-05,7451241000000187539,EMV-000087,2026-02-14,Closed,7451241000000112609,ZOHO Corporation Limited,,false,2025-10-20,,GBP,1.3477,item_level,true,Easy - USD,0.00,813.80,813.80,0.00,0.00,0.00,0.00,Adjustment,,2025-10-16,15,Net 15,0.00,0.00,,Thanks for your business.,,0.0,0.00,,,,,,Partners Commission,Partners Commission from Zoho,1.00,0.00,0.00,813.80,,813.80,7451241000000157001,,,,,false,false,false,false,false,false,false,false,false,false,false,false,false,false,false,false,false,,"Suite 1.09, Challenge House
Sherwood Drive, Bletchley, Milton Keynes",,,Buckinghamshire,United Kingdom,MK3 6DP,,,,,,,,,,,,,,0.00,,,,,,,,,,,,General Income,,,,,,,,
2025-09-01,7451241000000187095,EMV-000062,2026-02-14,Closed,7451241000000112609,ZOHO Corporation Limited,,false,2025-09-16,,GBP,1.352322,item_level,true,Easy - USD,0.00,599.81,599.81,0.00,0.00,0.00,0.00,Adjustment,,2025-09-23,15,Net 15,0.00,0.00,,Thanks for your business.,,0.0,0.00,,,,,,Partners Commission,Partners Commission from Zoho,1.00,0.00,0.00,599.81,,599.81,7451241000000157001,,,,,false,false,false,false,false,false,false,false,false,false,false,false,false,false,false,false,false,,"Suite 1.09, Challenge House
Sherwood Drive, Bletchley, Milton Keynes",,,Buckinghamshire,United Kingdom,MK3 6DP,,,,,,,,,,,,,,0.00,,,,,,,,,,,,General Income,,,,,,,,
2025-05-01,7451241000000185985,EMV-000012,2026-02-14,Closed,7451241000000112609,ZOHO Corporation Limited,,false,2025-05-16,,GBP,1.327147,item_level,true,Easy - USD,0.00,1114.93,1114.93,0.00,0.00,0.00,0.00,Adjustment,,2025-05-16,15,Net 15,0.00,0.00,,Thanks for your business.,,0.0,0.00,,,,,,Partners Commission,Partners Commission from Zoho,1.00,0.00,0.00,1114.93,,1114.93,7451241000000157001,,,,,false,false,false,false,false,false,false,false,false,false,false,false,false,false,false,false,false,,"Suite 1.09, Challenge House
Sherwood Drive, Bletchley, Milton Keynes",,,Buckinghamshire,United Kingdom,MK3 6DP,,,,,,,,,,,,,,0.00,,,,,,,,,,,,General Income,,,,,,,,
2025-06-01,7451241000000186249,EMV-000024,2026-02-14,Closed,7451241000000112723,Zoho Corporation BV,,false,2025-06-16,,EUR,1.134765,item_level,true,Easy - USD,0.00,754.07,754.07,0.00,0.00,0.00,0.00,Adjustment,,2025-06-13,15,Net 15,0.00,0.00,,Thanks for your business.,,0.0,0.00,,,,,,Partners Commission,Partners Commission from Zoho,1.00,0.00,0.00,754.07,,754.07,7451241000000157001,,,,,false,false,false,false,false,false,false,false,false,false,false,false,false,false,false,false,false,Badrinath Rajan,Beneluxlaan 4B,,HT,Utrecht,Netherlands,3527,,,,,,,,,,,,,,0.00,,,,,,,,,,,,General Income,,,,,,,,
2025-07-02,7451241000000186567,EMV-000037,2026-02-14,Closed,7451241000000112723,Zoho Corporation BV,,false,2025-07-17,,EUR,1.178941,item_level,true,Easy - USD,0.00,782.00,782.00,0.00,0.00,0.00,0.00,Adjustment,,2025-07-17,15,Net 15,0.00,0.00,,Thanks for your business.,,0.0,0.00,,,,,,Partners Commission,Partners Commission from Zoho,1.00,0.00,0.00,782.00,,782.00,7451241000000157001,,,,,false,false,false,false,false,false,false,false,false,false,false,false,false,false,false,false,false,Badrinath Rajan,Beneluxlaan 4B,,HT,Utrecht,Netherlands,3527,,,,,,,,,,,,,,0.00,,,,,,,,,,,,General Income,,,,,,,,
2025-08-01,7451241000000186667,EMV-000042,2026-02-14,Closed,7451241000000112723,Zoho Corporation BV,,false,2025-08-16,,EUR,1.156952,item_level,true,Easy - USD,0.00,947.50,947.50,0.00,0.00,0.00,0.00,Adjustment,,2025-08-14,15,Net 15,0.00,0.00,,Thanks for your business.,,0.0,0.00,,,,,,Partners Commission,Partners Commission from Zoho,1.00,0.00,0.00,947.50,,947.50,7451241000000157001,,,,,false,false,false,false,false,false,false,false,false,false,false,false,false,false,false,false,false,Badrinath Rajan,Beneluxlaan 4B,,HT,Utrecht,Netherlands,3527,,,,,,,,,,,,,,0.00,,,,,,,,,,,,General Income,,,,,,,,
2025-09-01,7451241000000187115,EMV-000063,2026-02-14,Closed,7451241000000112723,Zoho Corporation BV,,false,2025-09-16,,EUR,1.170831,item_level,true,Easy - USD,0.00,526.04,526.04,0.00,0.00,0.00,0.00,Adjustment,,2025-09-11,15,Net 15,0.00,0.00,,Thanks for your business.,,0.0,0.00,,,,,,Partners Commission,Partners Commission from Zoho,1.00,0.00,0.00,526.04,,526.04,7451241000000157001,,,,,false,false,false,false,false,false,false,false,false,false,false,false,false,false,false,false,false,Badrinath Rajan,Beneluxlaan 4B,,HT,Utrecht,Netherlands,3527,,,,,,,,,,,,,,0.00,,,,,,,,,,,,General Income,,,,,,,,
2025-10-05,7451241000000187519,EMV-000086,2026-02-14,Closed,7451241000000112723,Zoho Corporation BV,,false,2025-10-20,,EUR,1.17375,item_level,true,Easy - USD,0.00,843.76,843.76,0.00,0.00,0.00,0.00,Adjustment,,2025-10-22,15,Net 15,0.00,0.00,,Thanks for your business.,,0.0,0.00,,,,,,Partners Commission,Partners Commission from Zoho,1.00,0.00,0.00,843.76,,843.76,7451241000000157001,,,,,false,false,false,false,false,false,false,false,false,false,false,false,false,false,false,false,false,Badrinath Rajan,Beneluxlaan 4B,,HT,Utrecht,Netherlands,3527,,,,,,,,,,,,,,0.00,,,,,,,,,,,,General Income,,,,,,,,
2025-12-08,7451241000000187619,EMV-000093,2026-02-14,Closed,7451241000000112723,Zoho Corporation BV,,false,2025-12-23,,EUR,1.166967,item_level,true,Easy - USD,0.00,836.93,836.93,0.00,0.00,0.00,0.00,Adjustment,,2025-12-22,15,Net 15,0.00,0.00,,Thanks for your business.,,0.0,0.00,,,,,,Partners Commission,Partners Commission from Zoho,1.00,0.00,0.00,836.93,,836.93,7451241000000157001,,,,,false,false,false,false,false,false,false,false,false,false,false,false,false,false,false,false,false,Badrinath Rajan,Beneluxlaan 4B,,HT,Utrecht,Netherlands,3527,,,,,,,,,,,,,,0.00,,,,,,,,,,,,General Income,,,,,,,,
2026-01-28,7451241000000270691,INV-000140,2026-02-14,Closed,7451241000000112723,Zoho Corporation BV,,true,2026-02-12,,EUR,1.202287,item_level,true,Easy - EUR,0.00,922.35,922.35,0.00,0.00,0.00,0.00,Adjustment,,2026-02-13,15,Net 15,0.00,0.00,,Thanks for your business.,,0.0,0.00,,,,,,Partners Commission,Partners Commission from Zoho,1.00,0.00,0.000,922.35,,922.35,7451241000000157001,,,,Prtner Commission EURO,false,false,false,false,false,false,false,false,false,false,false,false,false,false,false,false,false,Badrinath Rajan,Beneluxlaan 4B,,HT,Utrecht,Netherlands,3527,,,,,,,,,,,,,,0.00,,,,,,,,,,,,General Income,,,,,,,,
2026-01-28,7451241000000270725,INV-000141,2026-02-14,Closed,7451241000000112641,Zoho Corporation Gmbh,,true,2026-02-12,,EUR,1.202287,item_level,true,Easy - EUR,0.00,600.00,600.00,0.00,0.00,0.00,0.00,Adjustment,,2026-02-11,15,Net 15,0.00,0.00,,Thanks for your business.,,0.0,0.00,,,,,,Partners Commission,Partners Commission from Zoho,1.00,0.00,0.000,600.00,,600.00,7451241000000157001,,,,Partner Commission GBMH,false,false,false,false,false,false,false,false,false,false,false,false,false,false,false,false,false,Badrinath Rajan,Trinkausstr. 7,,"Dusseldorf,",,Germany,40213,,,,,,,,,,,,,,0.00,,,,,,,,,,,,General Income,,,,,,,,
2025-12-31,7451241000000187659,EMV-000095,2026-02-14,Closed,7451241000000112641,Zoho Corporation Gmbh,,false,2026-01-15,,EUR,1.173252,item_level,true,Easy - USD,0.00,541.12,541.12,0.00,0.00,0.00,0.00,Adjustment,,2026-01-14,15,Net 15,0.00,0.00,,Thanks for your business.,,0.0,0.00,,,,,,Partners Commission,Partners Commission from Zoho,1.00,0.00,0.00,541.12,,541.12,7451241000000157001,,,,,false,false,false,false,false,false,false,false,false,false,false,false,false,false,false,false,false,Badrinath Rajan,Trinkausstr. 7,,"Dusseldorf,",,Germany,40213,,,,,,,,,,,,,,0.00,,,,,,,,,,,,General Income,,,,,,,,
2025-08-01,7451241000000186687,EMV-000043,2026-02-14,Closed,7451241000000112641,Zoho Corporation Gmbh,,false,2025-08-16,,EUR,1.156952,item_level,true,Easy - USD,0.00,830.00,830.00,0.00,0.00,0.00,0.00,Adjustment,,2025-08-27,15,Net 15,0.00,0.00,,Thanks for your business.,,0.0,0.00,,,,,,Partners Commission,Partners Commission from Zoho,1.00,0.00,0.00,830.00,,830.00,7451241000000157001,,,,,false,false,false,false,false,false,false,false,false,false,false,false,false,false,false,false,false,Badrinath Rajan,Trinkausstr. 7,,"Dusseldorf,",,Germany,40213,,,,,,,,,,,,,,0.00,,,,,,,,,,,,General Income,,,,,,,,
2025-05-03,7451241000000186027,EMV-000014,2026-02-14,Closed,7451241000000112641,Zoho Corporation Gmbh,,false,2025-05-18,,EUR,1.130263,item_level,true,Easy - USD,0.00,608.71,608.71,0.00,0.00,0.00,0.00,Adjustment,,2025-05-15,15,Net 15,0.00,0.00,,Thanks for your business.,,0.0,0.00,,,,,,Partners Commission,Partners Commission from Zoho,1.00,0.00,0.00,608.71,,608.71,7451241000000157001,,,,,false,false,false,false,false,false,false,false,false,false,false,false,false,false,false,false,false,Badrinath Rajan,Trinkausstr. 7,,"Dusseldorf,",,Germany,40213,,,,,,,,,,,,,,0.00,,,,,,,,,,,,General Income,,,,,,,,
2026-01-28,7451241000000270657,INV-000139,2026-02-14,Closed,7451241000000112591,ZOHO Corporation,,true,2026-02-12,,USD,1.00,item_level,true,Easy - USD,0.00,1775.16,1775.16,0.00,0.00,0.00,0.00,Adjustment,,2026-02-13,15,Net 15,0.00,0.00,,Thanks for your business.,,0.0,0.00,,,,,,Partners Commission,Partners Commission from Zoho,1.00,0.00,0.000,1775.16,,1775.16,7451241000000157001,,,,Partner Commission USA,false,false,false,false,false,false,false,false,false,false,false,false,false,false,false,false,false,Vijay Sundaram,4141 Hacienda Drive,,Pleasanton,California,U.S.A,94588-8549,,,,,,,,,,,,,,0.00,,,,,,,,,,,,General Income,,,,,,,,
2025-12-31,7451241000000187679,EMV-000096,2026-02-14,Closed,7451241000000112591,ZOHO Corporation,,false,2026-01-15,,USD,1.00,item_level,true,Easy - USD,0.00,2508.91,2508.91,0.00,0.00,0.00,0.00,Adjustment,,2026-01-20,15,Net 15,0.00,0.00,,Thanks for your business.,,0.0,0.00,,,,,,Partners Commission,Partners Commission from Zoho,1.00,0.00,0.00,2508.91,,2508.91,7451241000000157001,,,,,false,false,false,false,false,false,false,false,false,false,false,false,false,false,false,false,false,Vijay Sundaram,4141 Hacienda Drive,,Pleasanton,California,U.S.A,94588-8549,,,,,,,,,,,,,,0.00,,,,,,,,,,,,General Income,,,,,,,,
2025-12-08,7451241000000187639,EMV-000094,2026-02-14,Closed,7451241000000112591,ZOHO Corporation,,false,2025-12-23,,USD,1.00,item_level,true,Easy - USD,0.00,2903.84,2903.84,0.00,0.00,0.00,0.00,Adjustment,,2025-12-26,15,Net 15,0.00,0.00,,Thanks for your business.,,0.0,0.00,,,,,,Partners Commission,Partners Commission from Zoho,1.00,0.00,0.00,2903.84,,2903.84,7451241000000157001,,,,,false,false,false,false,false,false,false,false,false,false,false,false,false,false,false,false,false,Vijay Sundaram,4141 Hacienda Drive,,Pleasanton,California,U.S.A,94588-8549,,,,,,,,,,,,,,0.00,,,,,,,,,,,,General Income,,,,,,,,
2025-11-03,7451241000000187599,EMV-000092,2026-02-14,Closed,7451241000000112591,ZOHO Corporation,,false,2025-11-18,,USD,1.00,item_level,true,Easy - USD,0.00,2602.83,2602.83,0.00,0.00,0.00,0.00,Adjustment,,2025-11-22,15,Net 15,0.00,0.00,,Thanks for your business.,,0.0,0.00,,,,,,Partners Commission,Partners Commission from Zoho,1.00,0.00,0.00,2602.83,,2602.83,7451241000000157001,,,,,false,false,false,false,false,false,false,false,false,false,false,false,false,false,false,false,false,Vijay Sundaram,4141 Hacienda Drive,,Pleasanton,California,U.S.A,94588-8549,,,,,,,,,,,,,,0.00,,,,,,,,,,,,General Income,,,,,,,,
2025-10-05,7451241000000187479,EMV-000083,2026-02-14,Closed,7451241000000112591,ZOHO Corporation,,false,2025-10-20,,USD,1.00,item_level,true,Easy - USD,0.00,2490.28,2490.28,0.00,0.00,0.00,0.00,Adjustment,,2025-10-20,15,Net 15,0.00,0.00,,Thanks for your business.,,0.0,0.00,,,,,,Partners Commission,Partners Commission from Zoho,1.00,0.00,0.00,2490.28,,2490.28,7451241000000157001,,,,,false,false,false,false,false,false,false,false,false,false,false,false,false,false,false,false,false,Vijay Sundaram,4141 Hacienda Drive,,Pleasanton,California,U.S.A,94588-8549,,,,,,,,,,,,,,0.00,,,,,,,,,,,,General Income,,,,,,,,
2025-09-01,7451241000000187075,EMV-000061,2026-02-14,Closed,7451241000000112591,ZOHO Corporation,,false,2025-09-16,,USD,1.00,item_level,true,Easy - USD,0.00,2374.80,2374.80,0.00,0.00,0.00,0.00,Adjustment,,2025-09-23,15,Net 15,0.00,0.00,,Thanks for your business.,,0.0,0.00,,,,,,Partners Commission,Partners Commission from Zoho,1.00,0.00,0.00,2374.80,,2374.80,7451241000000157001,,,,,false,false,false,false,false,false,false,false,false,false,false,false,false,false,false,false,false,Vijay Sundaram,4141 Hacienda Drive,,Pleasanton,California,U.S.A,94588-8549,,,,,,,,,,,,,,0.00,,,,,,,,,,,,General Income,,,,,,,,
2025-08-01,7451241000000186707,EMV-000044,2026-02-14,Closed,7451241000000112591,ZOHO Corporation,,false,2025-08-16,,USD,1.00,item_level,true,Easy - USD,0.00,2077.63,2077.63,0.00,0.00,0.00,0.00,Adjustment,,2025-08-14,15,Net 15,0.00,0.00,,Thanks for your business.,,0.0,0.00,,,,,,Partners Commission,Partners Commission from Zoho,1.00,0.00,0.00,2077.63,,2077.63,7451241000000157001,,,,,false,false,false,false,false,false,false,false,false,false,false,false,false,false,false,false,false,Vijay Sundaram,4141 Hacienda Drive,,Pleasanton,California,U.S.A,94588-8549,,,,,,,,,,,,,,0.00,,,,,,,,,,,,General Income,,,,,,,,
2025-07-02,7451241000000186587,EMV-000038,2026-02-14,Closed,7451241000000112591,ZOHO Corporation,,false,2025-07-17,,USD,1.00,item_level,true,Easy - USD,0.00,9144.53,9144.53,0.00,0.00,0.00,0.00,Adjustment,,2025-07-18,15,Net 15,0.00,0.00,,Thanks for your business.,,0.0,0.00,,,,,,Partners Commission,Partners Commission from Zoho,1.00,0.00,0.00,9144.53,,9144.53,7451241000000157001,,,,,false,false,false,false,false,false,false,false,false,false,false,false,false,false,false,false,false,Vijay Sundaram,4141 Hacienda Drive,,Pleasanton,California,U.S.A,94588-8549,,,,,,,,,,,,,,0.00,,,,,,,,,,,,General Income,,,,,,,,
2025-06-01,7451241000000186229,EMV-000023,2026-02-14,Closed,7451241000000112591,ZOHO Corporation,,false,2025-06-16,,USD,1.00,item_level,true,Easy - USD,0.00,2040.62,2040.62,0.00,0.00,0.00,0.00,Adjustment,,2025-06-13,15,Net 15,0.00,0.00,,Thanks for your business.,,0.0,0.00,,,,,,Partners Commission,Partners Commission from Zoho,1.00,0.00,0.00,2040.62,,2040.62,7451241000000157001,,,,,false,false,false,false,false,false,false,false,false,false,false,false,false,false,false,false,false,Vijay Sundaram,4141 Hacienda Drive,,Pleasanton,California,U.S.A,94588-8549,,,,,,,,,,,,,,0.00,,,,,,,,,,,,General Income,,,,,,,,
2025-05-01,7451241000000185965,EMV-000011,2026-02-14,Closed,7451241000000112591,ZOHO Corporation,,false,2025-05-16,,USD,1.00,item_level,true,Easy - USD,0.00,2094.27,2094.27,0.00,0.00,0.00,0.00,Adjustment,,2025-05-16,15,Net 15,0.00,0.00,,Thanks for your business.,,0.0,0.00,,,,,,Partners Commission,Partners Commission from Zoho,1.00,0.00,0.00,2094.27,,2094.27,7451241000000157001,,,,,false,false,false,false,false,false,false,false,false,false,false,false,false,false,false,false,false,Vijay Sundaram,4141 Hacienda Drive,,Pleasanton,California,U.S.A,94588-8549,,,,,,,,,,,,,,0.00,,,,,,,,,,,,General Income,,,,,,,,
2025-09-30,7451241000000187459,EMV-000082,2026-02-14,Closed,7451241000000112773,Mario,,false,2025-10-07,,USD,1.00,item_level,true,Easy - USD,0.00,1000.00,1000.00,0.00,0.00,0.00,0.00,Adjustment,,2025-10-27,7,Net 7,0.00,0.00,,Thanks for your business.,,0.0,0.00,,,,,,Custom Widget Development,50% of total Project Cost,1.00,0.00,0.00,1000.00,,1000.00,7451241000000179648,,,,,false,false,false,false,false,false,false,false,false,false,false,false,false,false,false,false,false,,,,,,,,,,,,,,,,,,,,,0.00,,,,,971 (0)58 592 6416,,,,,,,Sales,,,,,,,,
2025-09-30,7451241000000187435,EMV-000081,2026-02-14,Closed,7451241000000112537,WOLQ B.V,,false,2025-10-07,,EUR,1.173461,item_level,true,Easy - USD,0.00,1230.80,1230.80,0.00,0.00,0.00,0.00,Adjustment,,2025-10-27,7,Net 7,0.00,0.00,,Thanks for your business.,,0.0,0.00,,,,,,Custom Deluge Support,Reduced Hours of 56.54 for September,56.54,0.00,0.00,1130.80,,20.00,7451241000000179683,,,,,false,false,false,false,false,false,false,false,false,false,false,false,false,false,false,false,false,Mr. Ralph,"Brother Waltz 25
 ZT",,Helmond,Noord-Brabant,Netherlands,5708,,,,,,,,,,,,,,0.00,,,ralph@wolq.nl,,,,,,,,,Sales,,,,,,,,
2025-09-30,7451241000000187435,EMV-000081,2026-02-14,Closed,7451241000000112537,WOLQ B.V,,false,2025-10-07,,EUR,1.173461,item_level,true,Easy - USD,0.00,1230.80,1230.80,0.00,0.00,0.00,0.00,Adjustment,,2025-10-27,7,Net 7,0.00,0.00,,Thanks for your business.,,0.0,0.00,,,,,,,Additional Amount for Rahul,1.00,0.00,0.00,100.00,,100.00,,,,,,false,false,false,false,false,false,false,false,false,false,false,false,false,false,false,false,false,Mr. Ralph,"Brother Waltz 25
 ZT",,Helmond,Noord-Brabant,Netherlands,5708,,,,,,,,,,,,,,0.00,,,ralph@wolq.nl,,,,,,,,,Sales,,,,,,,,
2025-09-30,7451241000000187415,EMV-000080,2026-02-14,Closed,7451241000000112573,Pro Playground,,false,2025-10-07,,USD,1.00,item_level,true,Easy - USD,0.00,559.50,559.50,0.00,0.00,0.00,0.00,Adjustment,,2025-10-06,7,Net 7,0.00,0.00,,Thanks for your business.,,0.0,0.00,,,,,,Custom Deluge Support,,18.65,0.00,0.00,559.50,,30.00,7451241000000179683,,,,,false,false,false,false,false,false,false,false,false,false,false,false,false,false,false,false,false,Mr. Paul Adriaanse,,,,Florida,U.S.A,,1-800-573-7529,,,,,,,,,,,,,0.00,,For September 2025,info@proplaygrounds.com,,,,,,,,,Sales,,,,,,,,
2025-09-30,7451241000000187391,EMV-000079,2026-02-14,Closed,7451241000000112755,Informatix Pty Ltd,,false,2025-10-07,,AUD,0.661076,item_level,true,Easy - USD,0.00,661.57,661.57,0.00,0.00,0.00,0.00,Adjustment,,2025-10-10,7,Net 7,0.00,0.00,,Thanks for your business.,,0.0,0.00,,,,,,,Workflow Max Integration (3o USD = 45.45 AUD),7.89,0.00,0.00,358.60,,45.45,,,,,,false,false,false,false,false,false,false,false,false,false,false,false,false,false,false,false,false,John Makras,"17 Grevillea Street Mount Gravatt
East",,QLD,,Australia,4122,,,,,,,,,,,,,,0.00,,,info@informatix.com.au,,,,,,,,,Sales,,,,,,,,
2025-09-30,7451241000000187391,EMV-000079,2026-02-14,Closed,7451241000000112755,Informatix Pty Ltd,,false,2025-10-07,,AUD,0.661076,item_level,true,Easy - USD,0.00,661.57,661.57,0.00,0.00,0.00,0.00,Adjustment,,2025-10-10,7,Net 7,0.00,0.00,,Thanks for your business.,,0.0,0.00,,,,,,,"Simpro Integration - Sensortronic - Informatix, 50% of Total Bill (200 USD =
302.97 AUD)",1.00,0.00,0.00,302.97,,302.97,,,,,,false,false,false,false,false,false,false,false,false,false,false,false,false,false,false,false,false,John Makras,"17 Grevillea Street Mount Gravatt
East",,QLD,,Australia,4122,,,,,,,,,,,,,,0.00,,,info@informatix.com.au,,,,,,,,,Sales,,,,,,,,
2025-09-30,7451241000000187367,EMV-000077,2026-02-14,Closed,7451241000000112555,Home Espana La Zenia S.L,,false,2025-10-07,,EUR,1.173461,item_level,true,Easy - USD,0.00,300.00,300.00,0.00,0.00,0.00,0.00,Adjustment,,2025-10-07,7,Net 7,0.00,0.00,,Thanks for your business.,,0.0,0.00,,,,,,,Home Espana XML Project 2,5.00,0.00,0.00,150.00,,30.00,,,,,,false,false,false,false,false,false,false,false,false,false,false,false,false,false,false,false,false,Mr. Raj Kumar Sirwani,,,,,Spain,,,,,,,,,,,,,,,0.00,,,Raj@hipoteken.com,,,,,,,,,Sales,,,,,,,,
2025-09-30,7451241000000187367,EMV-000077,2026-02-14,Closed,7451241000000112555,Home Espana La Zenia S.L,,false,2025-10-07,,EUR,1.173461,item_level,true,Easy - USD,0.00,300.00,300.00,0.00,0.00,0.00,0.00,Adjustment,,2025-10-07,7,Net 7,0.00,0.00,,Thanks for your business.,,0.0,0.00,,,,,,,"Home Espana Flow issues, Product Ref",2.00,0.00,0.00,60.00,,30.00,,,,,,false,false,false,false,false,false,false,false,false,false,false,false,false,false,false,false,false,Mr. Raj Kumar Sirwani,,,,,Spain,,,,,,,,,,,,,,,0.00,,,Raj@hipoteken.com,,,,,,,,,Sales,,,,,,,,
2025-09-30,7451241000000187367,EMV-000077,2026-02-14,Closed,7451241000000112555,Home Espana La Zenia S.L,,false,2025-10-07,,EUR,1.173461,item_level,true,Easy - USD,0.00,300.00,300.00,0.00,0.00,0.00,0.00,Adjustment,,2025-10-07,7,Net 7,0.00,0.00,,Thanks for your business.,,0.0,0.00,,,,,,,Re-Run Product Sync Function for XML to Back end,3.00,0.00,0.00,90.00,,30.00,,,,,,false,false,false,false,false,false,false,false,false,false,false,false,false,false,false,false,false,Mr. Raj Kumar Sirwani,,,,,Spain,,,,,,,,,,,,,,,0.00,,,Raj@hipoteken.com,,,,,,,,,Sales,,,,,,,,
2025-09-30,7451241000000187347,EMV-000076,2026-02-14,Closed,7451241000000112519,Boosted,,false,2025-10-07,,USD,1.00,item_level,true,Easy - USD,0.00,500.00,500.00,0.00,0.00,0.00,0.00,Adjustment,,2025-10-04,7,Net 7,0.00,0.00,,Thanks for your business.,,0.0,0.00,,,,,,Custom Deluge Support,,1.00,0.00,0.00,500.00,,500.00,7451241000000179683,,,,,false,false,false,false,false,false,false,false,false,false,false,false,false,false,false,false,false,Mr. Mark Fahimi,"200 Spectrum Center
Dr. #300",,Irvine,California,U.S.A,92618,,,,,,,,,,,,,,0.00,,,,,,,,,,,,Sales,,,,,,,,
2025-08-31,7451241000000187195,EMV-000067,2026-02-15,Closed,7451241000000112519,Boosted,,false,2025-09-07,,USD,1.00,item_level,true,Easy - USD,0.00,500.00,500.00,0.00,0.00,0.00,0.00,Adjustment,,2025-09-03,7,Net 7,0.00,0.00,,Thanks for your business.,,0.0,0.00,,,,,,Custom Widget Development,,1.00,0.00,0.00,500.00,,500.00,7451241000000179648,,,,,false,false,false,false,false,false,false,false,false,false,false,false,false,false,false,false,false,Mr. Mark Fahimi,"200 Spectrum Center
Dr. #300",,Irvine,California,U.S.A,92618,,,,,,,,,,,,,,0.00,,,,,,,,,,,,Sales,,,,,,,,
2025-08-31,7451241000000187155,EMV-000065,2026-02-15,Closed,7451241000000112573,Pro Playground,,false,2025-09-07,,USD,1.00,item_level,true,Easy - USD,0.00,367.20,367.20,0.00,0.00,0.00,0.00,Adjustment,,2025-10-07,7,Net 7,0.00,0.00,,Thanks for your business.,,0.0,0.00,,,,,,Custom Deluge Support,,12.24,0.00,0.00,367.20,,30.00,7451241000000179683,,,,,false,false,false,false,false,false,false,false,false,false,false,false,false,false,false,false,false,Mr. Paul Adriaanse,,,,Florida,U.S.A,,1-800-573-7529,,,,,,,,,,,,,0.00,,,info@proplaygrounds.com,,,,,,,,,Sales,,,,,,,,
2025-08-31,7451241000000187135,EMV-000064,2026-02-15,Closed,7451241000000112487,Everlasting Remodel,,false,2025-09-07,,USD,1.00,item_level,true,Easy - USD,0.00,100.00,100.00,0.00,0.00,0.00,0.00,Adjustment,,2025-09-01,7,Net 7,0.00,0.00,,Thanks for your business.,,0.0,0.00,,,,,,Custom Deluge Support,,1.00,0.00,0.00,100.00,,100.00,7451241000000179683,,,,,false,false,false,false,false,false,false,false,false,false,false,false,false,false,false,false,false,Mr. Yoav Hodd,4438 Ingraham St,,San Diego,California,U.S.A,92109,'+1 (858) 250-3233,,,,,,,,,,,,,0.00,,,Invoice@everlastingremodel.com,,'+1 (858) 250-3233,,,,,,,Sales,,,,,,,,
2025-08-31,7451241000000187055,EMV-000060,2026-02-15,Closed,7451241000000112623,Sydney CRM Development,,false,2025-09-07,,AUD,0.65431,item_level,true,Easy - USD,0.00,784.67,784.67,0.00,0.00,0.00,0.00,Adjustment,,2025-09-05,7,Net 7,0.00,0.00,,Thanks for your business.,,0.0,0.00,,,,,,Custom Widget Development,,34.25,0.00,0.00,784.67,,22.91,7451241000000179648,,,,,false,false,false,false,false,false,false,false,false,false,false,false,false,false,false,false,false,,,,,,,,,,,,,,,,,,,,,0.00,,,zamil-uddin123@hotmail.com,,,,,,,,,Sales,,,,,,,,
2025-08-31,7451241000000187035,EMV-000059,2026-02-15,Closed,7451241000000112709,Fiverr,,false,2025-09-07,,USD,1.00,item_level,true,Easy - USD,0.00,300.00,300.00,0.00,0.00,0.00,0.00,Adjustment,,2025-09-01,7,Net 7,0.00,0.00,,Thanks for your business.,,0.0,0.00,,,,,,Commission,,1.00,0.00,0.00,300.00,,300.00,7451241000000179846,,,,,false,false,false,false,false,false,false,false,false,false,false,false,false,false,false,false,false,,,,,,,,,,,,,,,,,,,,,0.00,,,,,,,,,,,,Sales,,,,,,,,
2025-08-31,7451241000000186897,EMV-000051,2026-02-15,Closed,7451241000000112537,WOLQ B.V,,false,2025-09-07,,EUR,1.16903,item_level,true,Easy - USD,0.00,1636.30,1636.30,0.00,0.00,0.00,0.00,Adjustment,,2025-09-05,7,Net 7,0.00,0.00,,Thanks for your business.,,0.0,0.00,,,,,,,Wacom Signature Pad Purchase,1.00,0.00,0.00,213.40,,213.40,,,,,,false,false,false,false,false,false,false,false,false,false,false,false,false,false,false,false,false,Mr. Ralph,"Brother Waltz 25
 ZT",,Helmond,Noord-Brabant,Netherlands,5708,,,,,,,,,,,,,,0.00,,,ralph@wolq.nl,,,,,,,,,Sales,,,,,,,,
2025-08-31,7451241000000186897,EMV-000051,2026-02-15,Closed,7451241000000112537,WOLQ B.V,,false,2025-09-07,,EUR,1.16903,item_level,true,Easy - USD,0.00,1636.30,1636.30,0.00,0.00,0.00,0.00,Adjustment,,2025-09-05,7,Net 7,0.00,0.00,,Thanks for your business.,,0.0,0.00,,,,,,,ISO2 Handle - IW2-T46 Bulk price updater for Billings,5.10,0.00,0.00,151.88,,29.78,,,,,,false,false,false,false,false,false,false,false,false,false,false,false,false,false,false,false,false,Mr. Ralph,"Brother Waltz 25
 ZT",,Helmond,Noord-Brabant,Netherlands,5708,,,,,,,,,,,,,,0.00,,,ralph@wolq.nl,,,,,,,,,Sales,,,,,,,,
2025-08-31,7451241000000186897,EMV-000051,2026-02-15,Closed,7451241000000112537,WOLQ B.V,,false,2025-09-07,,EUR,1.16903,item_level,true,Easy - USD,0.00,1636.30,1636.30,0.00,0.00,0.00,0.00,Adjustment,,2025-09-05,7,Net 7,0.00,0.00,,Thanks for your business.,,0.0,0.00,,,,,,,ISO2Handle - IW2-T115 Custom Function for Year-End Subscription Logic,7.10,0.00,0.00,211.44,,29.78,,,,,,false,false,false,false,false,false,false,false,false,false,false,false,false,false,false,false,false,Mr. Ralph,"Brother Waltz 25
 ZT",,Helmond,Noord-Brabant,Netherlands,5708,,,,,,,,,,,,,,0.00,,,ralph@wolq.nl,,,,,,,,,Sales,,,,,,,,
2025-08-31,7451241000000186897,EMV-000051,2026-02-15,Closed,7451241000000112537,WOLQ B.V,,false,2025-09-07,,EUR,1.16903,item_level,true,Easy - USD,0.00,1636.30,1636.30,0.00,0.00,0.00,0.00,Adjustment,,2025-09-05,7,Net 7,0.00,0.00,,Thanks for your business.,,0.0,0.00,,,,,,,LAB21-T147 - Configurator Drapes,3.27,0.00,0.00,97.38,,29.78,,,,,,false,false,false,false,false,false,false,false,false,false,false,false,false,false,false,false,false,Mr. Ralph,"Brother Waltz 25
 ZT",,Helmond,Noord-Brabant,Netherlands,5708,,,,,,,,,,,,,,0.00,,,ralph@wolq.nl,,,,,,,,,Sales,,,,,,,,
2025-08-31,7451241000000186897,EMV-000051,2026-02-15,Closed,7451241000000112537,WOLQ B.V,,false,2025-09-07,,EUR,1.16903,item_level,true,Easy - USD,0.00,1636.30,1636.30,0.00,0.00,0.00,0.00,Adjustment,,2025-09-05,7,Net 7,0.00,0.00,,Thanks for your business.,,0.0,0.00,,,,,,,LAB21-T60 - Configurator Floors,16.75,0.00,0.00,498.82,,29.78,,,,,,false,false,false,false,false,false,false,false,false,false,false,false,false,false,false,false,false,Mr. Ralph,"Brother Waltz 25
 ZT",,Helmond,Noord-Brabant,Netherlands,5708,,,,,,,,,,,,,,0.00,,,ralph@wolq.nl,,,,,,,,,Sales,,,,,,,,
2025-08-31,7451241000000186897,EMV-000051,2026-02-15,Closed,7451241000000112537,WOLQ B.V,,false,2025-09-07,,EUR,1.16903,item_level,true,Easy - USD,0.00,1636.30,1636.30,0.00,0.00,0.00,0.00,Adjustment,,2025-09-05,7,Net 7,0.00,0.00,,Thanks for your business.,,0.0,0.00,,,,,,,"LAB21-T88 - Signature capture on Sales Order for LAB21 showroom customers
Total Time Required 28 Hours, 12 is Discounted Hour due to Study and Feasibility",12.00,0.00,0.00,357.36,,29.78,,,,,,false,false,false,false,false,false,false,false,false,false,false,false,false,false,false,false,false,Mr. Ralph,"Brother Waltz 25
 ZT",,Helmond,Noord-Brabant,Netherlands,5708,,,,,,,,,,,,,,0.00,,,ralph@wolq.nl,,,,,,,,,Sales,,,,,,,,
2025-08-31,7451241000000186897,EMV-000051,2026-02-15,Closed,7451241000000112537,WOLQ B.V,,false,2025-09-07,,EUR,1.16903,item_level,true,Easy - USD,0.00,1636.30,1636.30,0.00,0.00,0.00,0.00,Adjustment,,2025-09-05,7,Net 7,0.00,0.00,,Thanks for your business.,,0.0,0.00,,,,,,,LAB21-T248 - Salesorder creating and updating Timelines,0.53,0.00,0.00,15.78,,29.78,,,,,,false,false,false,false,false,false,false,false,false,false,false,false,false,false,false,false,false,Mr. Ralph,"Brother Waltz 25
 ZT",,Helmond,Noord-Brabant,Netherlands,5708,,,,,,,,,,,,,,0.00,,,ralph@wolq.nl,,,,,,,,,Sales,,,,,,,,
2025-08-31,7451241000000186897,EMV-000051,2026-02-15,Closed,7451241000000112537,WOLQ B.V,,false,2025-09-07,,EUR,1.16903,item_level,true,Easy - USD,0.00,1636.30,1636.30,0.00,0.00,0.00,0.00,Adjustment,,2025-09-05,7,Net 7,0.00,0.00,,Thanks for your business.,,0.0,0.00,,,,,,,LAB21-T245 Timeline control,0.78,0.00,0.00,23.23,,29.78,,,,,,false,false,false,false,false,false,false,false,false,false,false,false,false,false,false,false,false,Mr. Ralph,"Brother Waltz 25
 ZT",,Helmond,Noord-Brabant,Netherlands,5708,,,,,,,,,,,,,,0.00,,,ralph@wolq.nl,,,,,,,,,Sales,,,,,,,,
2025-08-31,7451241000000186897,EMV-000051,2026-02-15,Closed,7451241000000112537,WOLQ B.V,,false,2025-09-07,,EUR,1.16903,item_level,true,Easy - USD,0.00,1636.30,1636.30,0.00,0.00,0.00,0.00,Adjustment,,2025-09-05,7,Net 7,0.00,0.00,,Thanks for your business.,,0.0,0.00,,,,,,,LAB21-T166 - Sales Controle trigger,0.93,0.00,0.00,27.70,,29.78,,,,,,false,false,false,false,false,false,false,false,false,false,false,false,false,false,false,false,false,Mr. Ralph,"Brother Waltz 25
 ZT",,Helmond,Noord-Brabant,Netherlands,5708,,,,,,,,,,,,,,0.00,,,ralph@wolq.nl,,,,,,,,,Sales,,,,,,,,
2025-08-31,7451241000000186897,EMV-000051,2026-02-15,Closed,7451241000000112537,WOLQ B.V,,false,2025-09-07,,EUR,1.16903,item_level,true,Easy - USD,0.00,1636.30,1636.30,0.00,0.00,0.00,0.00,Adjustment,,2025-09-05,7,Net 7,0.00,0.00,,Thanks for your business.,,0.0,0.00,,,,,,,MEWS Integration - forms and others,1.32,0.00,0.00,39.31,,29.78,,,,,,false,false,false,false,false,false,false,false,false,false,false,false,false,false,false,false,false,Mr. Ralph,"Brother Waltz 25
 ZT",,Helmond,Noord-Brabant,Netherlands,5708,,,,,,,,,,,,,,0.00,,,ralph@wolq.nl,,,,,,,,,Sales,,,,,,,,
2026-02-16,7451241000000327001,INV-000154,2026-02-16,Closed,7451241000000112623,Sydney CRM Development,,true,2026-02-23,,AUD,0.708667,item_level,true,Easy - AUD,0.00,1376.26,1376.26,0.00,0.00,0.00,0.00,Adjustment,,2026-02-21,7,Net 7,0.00,0.00,,Thanks for your business.,,0.0,0.00,,,,,,Custom Widget Development,Custom Widget Development,65.01,0.00,0.000,1376.26,,21.17,7451241000000179648,,,,,false,false,false,false,false,false,false,false,false,false,false,false,false,false,false,false,false,,,,,,,,,,,,,,,,,,,,,0.00,,"Feb 01 to Feb 15, 2026",zamil-uddin123@hotmail.com,,,,,,,,,Sales,,,,,,,,
2026-02-23,7451241000000336001,INV-000155,2026-02-23,Closed,7451241000000265043,W3S Cloud Ltd,,true,2026-03-02,,USD,1.00,item_level,true,Easy - USD,0.00,300.00,300.00,0.00,0.00,0.00,0.00,Adjustment,,2026-02-23,7,Net 7,0.00,0.00,,Thanks for your business.,,0.0,0.00,,,,,,Custom Deluge Scripts,Custom Deluge Script,10.00,0.00,0.000,300.00,,30.00,7451241000000111019,,,,,false,false,false,false,false,false,false,false,false,false,false,false,false,false,false,false,false,,,,,,,,,,,,,,,,,,,,,0.00,,,fasisal@w3scloud.com,,,QT-000002,,,,,,Sales,,,,,,,,
2026-02-25,7451241000000340021,INV-000156,2026-02-25,Closed,7451241000000112709,Fiverr,,true,2026-03-04,,USD,1.00,item_level,true,Easy - USD,0.00,92.00,92.00,0.00,0.00,0.00,0.00,Adjustment,,2026-02-25,7,Net 7,0.00,0.00,,Thanks for your business.,,0.0,0.00,,,,,,Custom Deluge Scripts,Custom Deluge Script,1.00,0.00,0.000,92.00,,92.00,7451241000000111019,,,,,false,false,false,false,false,false,false,false,false,false,false,false,false,false,false,false,false,,,,,,,,,,,,,,,,,,,,,0.00,,,,,,,,,,,,Sales,,,,,,,,
2026-02-28,7451241000000341613,INV-000159,2026-02-28,Closed,7451241000000112591,ZOHO Corporation,,true,2026-03-15,,USD,1.00,item_level,true,Easy - USD,0.00,1932.00,1932.00,0.00,0.00,0.00,0.00,Adjustment,,2026-03-12,15,Net 15,0.00,0.00,,Thanks for your business.,,0.0,0.00,,,,,,Partners Commission,Partners Commission from Zoho,1.00,0.00,0.000,1932.00,,1932.00,7451241000000157001,,,,Partner Commission USA,false,false,false,false,false,false,false,false,false,false,false,false,false,false,false,false,false,Vijay Sundaram,4141 Hacienda Drive,,Pleasanton,California,U.S.A,94588-8549,,,,,,,,,,,,,,0.00,,,,,,,,,,,,General Income,,,,,,,,
2026-02-28,7451241000000341641,INV-000160,2026-02-28,Closed,7451241000000112723,Zoho Corporation BV,,true,2026-03-15,,EUR,1.181821,item_level,true,Easy - EUR,0.00,710.21,710.21,0.00,0.00,0.00,0.00,Adjustment,,2026-03-17,15,Net 15,0.00,0.00,,Thanks for your business.,,0.0,0.00,,,,,,Partners Commission,Partners Commission from Zoho,1.00,0.00,0.000,710.21,,710.21,7451241000000157001,,,,Prtner Commission EURO,false,false,false,false,false,false,false,false,false,false,false,false,false,false,false,false,false,Badrinath Rajan,Beneluxlaan 4B,,HT,Utrecht,Netherlands,3527,,,,,,,,,,,,,,0.00,,,,,,,,,,,,General Income,,,,,,,,
2026-02-28,7451241000000341585,INV-000158,2026-02-28,Closed,7451241000000112505,Zoho Canada Corporation,,true,2026-03-15,,CAD,0.732681,item_level,true,Easy - CAD,0.00,709.00,709.00,0.00,0.00,0.00,0.00,Adjustment,,2026-03-17,15,Net 15,0.00,0.00,,Thanks for your business.,,0.0,0.00,,,,,,Partners Commission,Partners Commission from Zoho,1.00,0.00,0.000,709.00,,709.00,7451241000000157001,,,,Partner Commission Canada,false,false,false,false,false,false,false,false,false,false,false,false,false,false,false,false,false,Zoho Canada Corporation,"705 Cotton Mill Street,
Unit 116",,Cornwall,Ontario,Canada,K6H 7K7,,,,,,,,,,,,,,0.00,,,,,,,,,,,,General Income,,,,,,,,
2026-02-28,7451241000000341557,INV-000157,2026-02-28,Closed,7451241000000112519,Boosted,,true,2026-03-07,,USD,1.00,item_level,true,Easy - USD,0.00,500.00,500.00,0.00,0.00,0.00,0.00,Adjustment,,2026-02-28,7,Net 7,0.00,0.00,,Thanks for your business.,,0.0,0.00,,,,,,Ongoing Zoho Support,,1.00,0.00,0.000,500.00,,500.00,7451241000000112865,,,,Monthly Payment of 500,false,false,false,false,false,false,false,false,false,false,false,false,false,false,false,false,false,Mr. Mark Fahimi,"200 Spectrum Center
Dr. #300",,Irvine,California,U.S.A,92618,,,,,,,,,,,,,,0.00,,,,,,,,,,,,Sales,,,,,,,,
2026-02-28,7451241000000355135,INV-000167,2026-02-28,Closed,7451241000000112723,Zoho Corporation BV,,true,2026-03-15,,EUR,1.1819,item_level,true,Easy - EUR,0.00,553.44,553.44,0.00,0.00,0.00,0.00,Adjustment,,2026-03-12,15,Net 15,0.00,0.00,,Thanks for your business.,,0.0,0.00,,,,,,Partners Commission,Partners Commission from Zoho,1.00,0.00,0.000,553.44,,553.44,7451241000000157001,,,,,false,false,false,false,false,false,false,false,false,false,false,false,false,false,false,false,false,Badrinath Rajan,Beneluxlaan 4B,,HT,Utrecht,Netherlands,3527,,,,,,,,,,,,,,0.00,,,,,,,,,,,,General Income,,,,,,,,
2026-02-28,7451241000000352009,INV-000166,2026-02-28,Closed,7451241000000112623,Sydney CRM Development,,true,2026-03-07,,AUD,0.7116,item_level,true,Easy - AUD,0.00,1341.33,1341.33,0.00,0.00,0.00,0.00,Adjustment,,2026-03-02,7,Net 7,0.00,0.00,,Thanks for your business.,,0.0,0.00,,,,,,Custom Widget Development,,63.57,0.00,0.000,1341.33,,21.10,7451241000000179648,,,,,false,false,false,false,false,false,false,false,false,false,false,false,false,false,false,false,false,,,,,,,,,,,,,,,,,,,,,0.00,,"Feb 16 to Feb 28, 2026",zamil-uddin123@hotmail.com,,,,,,,,,Sales,,,,,,,,
2026-02-28,7451241000000341753,INV-000164,2026-03-01,Closed,7451241000000112555,Home Espana La Zenia S.L,,true,2026-03-07,,EUR,1.181821,item_level,true,Easy - EUR,0.00,597.30,597.30,0.00,0.00,0.00,0.00,Adjustment,,2026-03-18,7,Net 7,0.00,0.00,,Thanks for your business.,,0.0,0.00,,,,,,Custom Deluge Scripts,"Image Widget Properties, Adding Plan Image Upload Tab",6.20,0.00,0.000,186.00,,30.00,7451241000000111019,,,,HomeEspana Monthly Invoice,false,false,false,false,false,false,false,false,false,false,false,false,false,false,false,false,false,Mr. Raj Kumar Sirwani,,,,,Spain,,,,,,,,,,,,,,,0.00,,,Raj@hipoteken.com,,,,,,,,,Sales,,,,,,,,
2026-02-28,7451241000000341753,INV-000164,2026-03-01,Closed,7451241000000112555,Home Espana La Zenia S.L,,true,2026-03-07,,EUR,1.181821,item_level,true,Easy - EUR,0.00,597.30,597.30,0.00,0.00,0.00,0.00,Adjustment,,2026-03-18,7,Net 7,0.00,0.00,,Thanks for your business.,,0.0,0.00,,,,,,Custom Widget Development,Home Espana Document Portal Task,13.71,0.00,0.000,411.30,,30.00,7451241000000179648,,,,HomeEspana Monthly Invoice,false,false,false,false,false,false,false,false,false,false,false,false,false,false,false,false,false,Mr. Raj Kumar Sirwani,,,,,Spain,,,,,,,,,,,,,,,0.00,,,Raj@hipoteken.com,,,,,,,,,Sales,,,,,,,,
2026-02-28,7451241000000341781,INV-000165,2026-03-01,Closed,7451241000000112537,WOLQ B.V,,true,2026-03-07,,EUR,1.181821,item_level,true,Easy - EUR,0.00,1481.40,1481.40,0.00,0.00,0.00,0.00,Adjustment,,2026-03-20,7,Net 7,0.00,0.00,,Thanks for your business.,,0.0,0.00,,,,,,Ongoing Zoho Support,,74.07,0.00,0.000,1481.40,,20.00,7451241000000112865,,,,Monthly Invoice WOLQ,false,false,false,false,false,false,false,false,false,false,false,false,false,false,false,false,false,Mr. Ralph,"Brother Waltz 25
 ZT",,Helmond,Noord-Brabant,Netherlands,5708,,,,,,,,,,,,,,0.00,,,ralph@wolq.nl,,,,,,,,,Sales,,,,,,,,
2026-02-28,7451241000000355252,INV-000168,2026-03-01,Closed,7451241000000112487,Everlasting Remodel,,true,2026-03-07,,USD,1.00,item_level,true,Easy - USD,0.00,359.70,359.70,0.00,0.00,0.00,0.00,Adjustment,,2026-04-18,7,Net 7,0.00,0.00,,Thanks for your business.,,0.0,0.00,,,,,,Custom Deluge Scripts,Evarlasting Remodel Email Template Automation,1.81,0.00,0.000,54.30,,30.00,7451241000000111019,,,,,false,false,false,false,false,false,false,false,false,false,false,false,false,false,false,false,false,Mr. Yoav Hodd,4438 Ingraham St,,San Diego,California,U.S.A,92109,'+1 (858) 250-3233,,,,,,,,,,,,,0.00,,,Invoice@everlastingremodel.com,,'+1 (858) 250-3233,,,,,,,Sales,,,,,,,,
2026-02-28,7451241000000355252,INV-000168,2026-03-01,Closed,7451241000000112487,Everlasting Remodel,,true,2026-03-07,,USD,1.00,item_level,true,Easy - USD,0.00,359.70,359.70,0.00,0.00,0.00,0.00,Adjustment,,2026-04-18,7,Net 7,0.00,0.00,,Thanks for your business.,,0.0,0.00,,,,,,Custom Deluge Scripts,Everlasting Remodel Deal Signed Task creation,0.28,0.00,0.000,8.40,,30.00,7451241000000111019,,,,,false,false,false,false,false,false,false,false,false,false,false,false,false,false,false,false,false,Mr. Yoav Hodd,4438 Ingraham St,,San Diego,California,U.S.A,92109,'+1 (858) 250-3233,,,,,,,,,,,,,0.00,,,Invoice@everlastingremodel.com,,'+1 (858) 250-3233,,,,,,,Sales,,,,,,,,
2026-02-28,7451241000000355252,INV-000168,2026-03-01,Closed,7451241000000112487,Everlasting Remodel,,true,2026-03-07,,USD,1.00,item_level,true,Easy - USD,0.00,359.70,359.70,0.00,0.00,0.00,0.00,Adjustment,,2026-04-18,7,Net 7,0.00,0.00,,Thanks for your business.,,0.0,0.00,,,,,,Custom Deluge Scripts,Upload zdoc file to zp doc folder,6.00,0.00,0.000,180.00,,30.00,7451241000000111019,,,,,false,false,false,false,false,false,false,false,false,false,false,false,false,false,false,false,false,Mr. Yoav Hodd,4438 Ingraham St,,San Diego,California,U.S.A,92109,'+1 (858) 250-3233,,,,,,,,,,,,,0.00,,,Invoice@everlastingremodel.com,,'+1 (858) 250-3233,,,,,,,Sales,,,,,,,,
2026-02-28,7451241000000355252,INV-000168,2026-03-01,Closed,7451241000000112487,Everlasting Remodel,,true,2026-03-07,,USD,1.00,item_level,true,Easy - USD,0.00,359.70,359.70,0.00,0.00,0.00,0.00,Adjustment,,2026-04-18,7,Net 7,0.00,0.00,,Thanks for your business.,,0.0,0.00,,,,,,Custom Deluge Scripts,Evarlasting Remodel Deal Signed Form Automation,3.90,0.00,0.000,117.00,,30.00,7451241000000111019,,,,,false,false,false,false,false,false,false,false,false,false,false,false,false,false,false,false,false,Mr. Yoav Hodd,4438 Ingraham St,,San Diego,California,U.S.A,92109,'+1 (858) 250-3233,,,,,,,,,,,,,0.00,,,Invoice@everlastingremodel.com,,'+1 (858) 250-3233,,,,,,,Sales,,,,,,,,
2026-02-28,7451241000000341725,INV-000163,2026-03-01,Closed,7451241000000112573,Pro Playground,,true,2026-03-07,,USD,1.00,item_level,true,Easy - USD,0.00,1568.40,1568.40,0.00,0.00,0.00,0.00,Adjustment,,2026-03-03,7,Net 7,0.00,0.00,,Thanks for your business.,,0.0,0.00,,,,,,Custom Deluge Scripts,Proplaygrounds Deal Blueprint Widget Version 2,6.87,0.00,0.000,206.10,,30.00,7451241000000111019,,,,ProPlayground Monthly Invoice,false,false,false,false,false,false,false,false,false,false,false,false,false,false,false,false,false,Mr. Paul Adriaanse,,,,Florida,U.S.A,,1-800-573-7529,,,,,,,,,,,,,0.00,,,info@proplaygrounds.com,,,,,,,,,Sales,,,,,,,,
2026-02-28,7451241000000341725,INV-000163,2026-03-01,Closed,7451241000000112573,Pro Playground,,true,2026-03-07,,USD,1.00,item_level,true,Easy - USD,0.00,1568.40,1568.40,0.00,0.00,0.00,0.00,Adjustment,,2026-03-03,7,Net 7,0.00,0.00,,Thanks for your business.,,0.0,0.00,,,,,,Custom Deluge Scripts,Proplaygrounds Personnel Management Implementation,6.17,0.00,0.000,185.10,,30.00,7451241000000111019,,,,ProPlayground Monthly Invoice,false,false,false,false,false,false,false,false,false,false,false,false,false,false,false,false,false,Mr. Paul Adriaanse,,,,Florida,U.S.A,,1-800-573-7529,,,,,,,,,,,,,0.00,,,info@proplaygrounds.com,,,,,,,,,Sales,,,,,,,,
2026-02-28,7451241000000341725,INV-000163,2026-03-01,Closed,7451241000000112573,Pro Playground,,true,2026-03-07,,USD,1.00,item_level,true,Easy - USD,0.00,1568.40,1568.40,0.00,0.00,0.00,0.00,Adjustment,,2026-03-03,7,Net 7,0.00,0.00,,Thanks for your business.,,0.0,0.00,,,,,,Custom Widget Development,Proplaygrounds Quote Email portion for Deal Blueprint Widget,39.24,0.00,0.000,1177.20,,30.00,7451241000000179648,,,,ProPlayground Monthly Invoice,false,false,false,false,false,false,false,false,false,false,false,false,false,false,false,false,false,Mr. Paul Adriaanse,,,,Florida,U.S.A,,1-800-573-7529,,,,,,,,,,,,,0.00,,,info@proplaygrounds.com,,,,,,,,,Sales,,,,,,,,
2026-02-28,7451241000000357109,INV-000169,2026-03-01,Closed,7451241000000255001,Zoho Australia,,true,2026-03-07,,AUD,0.7116,item_level,true,Easy - AUD,0.00,1872.62,1872.62,0.00,0.00,0.00,0.00,Adjustment,,2026-03-01,7,Net 7,0.00,0.00,,Thanks for your business.,,0.0,0.00,,,,,,Partners Commission,Partners Commission from Zoho,1.00,0.00,0.000,1872.62,,1872.62,7451241000000157001,,,,,false,false,false,false,false,false,false,false,false,false,false,false,false,false,false,false,false,,,,,,,,,,,,,,,,,,,,,0.00,,,,,,,,,,,,General Income,,,,,,,,
2026-02-28,7451241000000357197,INV-000170,2026-03-01,Closed,7451241000000255001,Zoho Australia,,true,2026-03-07,,AUD,0.7116,item_level,true,Easy - AUD,0.00,1598.00,1598.00,0.00,0.00,0.00,0.00,Adjustment,,2026-03-01,7,Net 7,0.00,0.00,,Thanks for your business.,,0.0,0.00,,,,,,Partners Commission,Partners Commission from Zoho,1.00,0.00,0.000,1598.00,,1598.00,7451241000000157001,,,,,false,false,false,false,false,false,false,false,false,false,false,false,false,false,false,false,false,,,,,,,,,,,,,,,,,,,,,0.00,,,,,,,,,,,,General Income,,,,,,,,
2026-03-03,7451241000000370025,INV-000171,2026-03-03,Closed,7451241000000370001,Axcess Finance Inc.,,true,2026-03-18,,CAD,0.731746,item_level,true,Easy - CAD,0.00,378.00,378.00,0.00,0.00,0.00,0.00,Adjustment,,2026-03-06,15,Net 15,0.00,0.00,,Thanks for your business.,,0.0,0.00,,,,,,Custom Widget Development,"Life Time Extension, Address Toolkit for Zoho CRM, 3 Years Price upfront, 126 CAD/Year",3.00,0.00,0.000,378.00,,126.00,7451241000000179648,,,,,false,false,false,false,false,false,false,false,false,false,false,false,false,false,false,false,false,Victor Schnitzler AMP,"5724, Avenue du Parc

Montreal QC H2V 4H1",,Montreal,Quebec,Canada,H2V 4H1,'+1-5142231460,,,,,,,,,,,,,0.00,,,victor@axcessfinance.com,'+880-5142213354,'+880-5142231460,,,,,,,Sales,,,,,,,,
2026-03-16,7451241000000386001,INV-000173,2026-03-16,Closed,7451241000000112623,Sydney CRM Development,,true,2026-03-23,,AUD,0.701962,item_level,true,Easy - AUD,0.00,1474.74,1474.74,0.00,0.00,0.00,0.00,Adjustment,,2026-03-17,7,Net 7,0.00,0.00,,Thanks for your business.,,0.0,0.00,,,,,,Custom Widget Development,,69.01,0.00,0.000,1474.74,,21.37,7451241000000179648,,,,,false,false,false,false,false,false,false,false,false,false,false,false,false,false,false,false,false,,,,,,,,,,,,,,,,,,,,,0.00,,From March 01 to March 15,zamil-uddin123@hotmail.com,,,,,,,,,Sales,,,,,,,,
2026-03-28,7451241000000401615,INV-000176,2026-03-31,Closed,7451241000000112591,ZOHO Corporation,,true,2026-04-12,,USD,1.00,item_level,true,Easy - USD,0.00,2318.08,2318.08,0.00,0.00,0.00,0.00,Adjustment,,2026-04-17,15,Net 15,0.00,0.00,,Thanks for your business.,,0.0,0.00,,,,,,Partners Commission,Partners Commission from Zoho,1.00,0.00,0.000,2318.08,,2318.08,7451241000000157001,,,,Partner Commission USA,false,false,false,false,false,false,false,false,false,false,false,false,false,false,false,false,false,Vijay Sundaram,4141 Hacienda Drive,,Pleasanton,California,U.S.A,94588-8549,,,,,,,,,,,,,,0.00,,,,,,,,,,,,General Income,,,,,,,,
2026-03-28,7451241000000401643,INV-000177,2026-03-31,Closed,7451241000000112723,Zoho Corporation BV,,true,2026-04-12,,EUR,1.15445,item_level,true,Easy - EUR,0.00,1146.57,1146.57,0.00,0.00,0.00,0.00,Adjustment,,2026-04-17,15,Net 15,0.00,0.00,,Thanks for your business.,,0.0,0.00,,,,,,Partners Commission,Partners Commission from Zoho,1.00,0.00,0.000,1146.57,,1146.57,7451241000000157001,,,,Prtner Commission EURO,false,false,false,false,false,false,false,false,false,false,false,false,false,false,false,false,false,Badrinath Rajan,Beneluxlaan 4B,,HT,Utrecht,Netherlands,3527,,,,,,,,,,,,,,0.00,,,,,,,,,,,,General Income,,,,,,,,
2026-03-28,7451241000000401671,INV-000178,2026-03-31,Closed,7451241000000112641,Zoho Corporation Gmbh,,true,2026-04-12,,EUR,1.15445,item_level,true,Easy - EUR,0.00,769.63,769.63,0.00,0.00,0.00,0.00,Adjustment,,2026-04-17,15,Net 15,0.00,0.00,,Thanks for your business.,,0.0,0.00,,,,,,Partners Commission,Partners Commission from Zoho,1.00,0.00,0.000,769.63,,769.63,7451241000000157001,,,,Partner Commission GBMH,false,false,false,false,false,false,false,false,false,false,false,false,false,false,false,false,false,Badrinath Rajan,Trinkausstr. 7,,"Dusseldorf,",,Germany,40213,,,,,,,,,,,,,,0.00,,,,,,,,,,,,General Income,,,,,,,,
2026-03-28,7451241000000401587,INV-000175,2026-03-31,Closed,7451241000000112505,Zoho Canada Corporation,,true,2026-04-12,,CAD,0.71945,item_level,true,Easy - CAD,0.00,559.61,559.61,0.00,0.00,0.00,0.00,Adjustment,,2026-04-21,15,Net 15,0.00,0.00,,Thanks for your business.,,0.0,0.00,,,,,,Partners Commission,Partners Commission from Zoho,1.00,0.00,0.000,559.61,,559.61,7451241000000157001,,,,Partner Commission Canada,false,false,false,false,false,false,false,false,false,false,false,false,false,false,false,false,false,Zoho Canada Corporation,"705 Cotton Mill Street,
Unit 116",,Cornwall,Ontario,Canada,K6H 7K7,,,,,,,,,,,,,,0.00,,,,,,,,,,,,General Income,,,,,,,,
2026-03-31,7451241000000413001,INV-000183,2026-03-31,Closed,7451241000000112623,Sydney CRM Development,,true,2026-04-07,,AUD,0.686568,item_level,true,Easy - AUD,0.00,1116.97,1116.97,0.00,0.00,0.00,0.00,Adjustment,,2026-04-04,7,Net 7,0.00,0.00,,Thanks for your business.,,0.0,0.00,,,,,,Custom Widget Development,15 USD = 21.85 AUD,51.12,0.00,0.000,1116.97,,21.85,7451241000000179648,,,,,false,false,false,false,false,false,false,false,false,false,false,false,false,false,false,false,false,,,,,,,,,,,,,,,,,,,,,0.00,,March 16 to March 31,zamil-uddin123@hotmail.com,,,,,,,,,Sales,,,,,,,,
2026-03-28,7451241000000401755,INV-000181,2026-03-31,Closed,7451241000000112555,Home Espana La Zenia S.L,,true,2026-04-04,,EUR,1.15445,item_level,true,Easy - EUR,0.00,1148.10,1148.10,0.00,0.00,0.00,0.00,Adjustment,,2026-04-04,7,Net 7,0.00,0.00,,Thanks for your business.,,0.0,0.00,,,,,,Custom Deluge Scripts,Bug Fixing for XML,1.27,0.00,0.000,38.10,,30.00,7451241000000111019,,,,HomeEspana Monthly Invoice,false,false,false,false,false,false,false,false,false,false,false,false,false,false,false,false,false,Mr. Raj Kumar Sirwani,,,,,Spain,,,,,,,,,,,,,,,0.00,,,Raj@hipoteken.com,,,,,,,,,Sales,,,,,,,,
2026-03-28,7451241000000401755,INV-000181,2026-03-31,Closed,7451241000000112555,Home Espana La Zenia S.L,,true,2026-04-04,,EUR,1.15445,item_level,true,Easy - EUR,0.00,1148.10,1148.10,0.00,0.00,0.00,0.00,Adjustment,,2026-04-04,7,Net 7,0.00,0.00,,Thanks for your business.,,0.0,0.00,,,,,,Custom Deluge Scripts,"Home Espana Document Portal Task, As per budget Remaining 900, 300 Was Collected last month. Bug Fix and Minor Improvement will be done",30.00,0.00,0.000,900.00,,30.00,7451241000000111019,,,,HomeEspana Monthly Invoice,false,false,false,false,false,false,false,false,false,false,false,false,false,false,false,false,false,Mr. Raj Kumar Sirwani,,,,,Spain,,,,,,,,,,,,,,,0.00,,,Raj@hipoteken.com,,,,,,,,,Sales,,,,,,,,
2026-03-28,7451241000000401755,INV-000181,2026-03-31,Closed,7451241000000112555,Home Espana La Zenia S.L,,true,2026-04-04,,EUR,1.15445,item_level,true,Easy - EUR,0.00,1148.10,1148.10,0.00,0.00,0.00,0.00,Adjustment,,2026-04-04,7,Net 7,0.00,0.00,,Thanks for your business.,,0.0,0.00,,,,,,Custom Deluge Scripts,"Uploading Images to Bunny CDN and Zoho, from Excel Sheet, running for 3 Days till now.",7.00,0.00,0.000,210.00,,30.00,7451241000000111019,,,,HomeEspana Monthly Invoice,false,false,false,false,false,false,false,false,false,false,false,false,false,false,false,false,false,Mr. Raj Kumar Sirwani,,,,,Spain,,,,,,,,,,,,,,,0.00,,,Raj@hipoteken.com,,,,,,,,,Sales,,,,,,,,
2026-03-28,7451241000000401727,INV-000180,2026-03-31,Closed,7451241000000112573,Pro Playground,,true,2026-04-04,,USD,1.00,item_level,true,Easy - USD,0.00,611.40,611.40,0.00,0.00,0.00,0.00,Adjustment,,2026-04-05,7,Net 7,0.00,0.00,,Thanks for your business.,,0.0,0.00,,,,,,Custom Deluge Scripts,Custom Deluge Script,20.38,0.00,0.000,611.40,,30.00,7451241000000111019,,,,ProPlayground Monthly Invoice,false,false,false,false,false,false,false,false,false,false,false,false,false,false,false,false,false,Mr. Paul Adriaanse,,,,Florida,U.S.A,,1-800-573-7529,,,,,,,,,,,,,0.00,,,info@proplaygrounds.com,,,,,,,,,Sales,,,,,,,,
2026-03-28,7451241000000401783,INV-000182,2026-03-31,Closed,7451241000000112537,WOLQ B.V,,true,2026-04-04,,EUR,1.15445,item_level,true,Easy - EUR,0.00,1842.80,1842.80,0.00,0.00,0.00,0.00,Adjustment,,2026-04-27,7,Net 7,0.00,0.00,,Thanks for your business.,,0.0,0.00,,,,,,Ongoing Zoho Support,,92.14,0.00,0.000,1842.80,,20.00,7451241000000112865,,,,Monthly Invoice WOLQ,false,false,false,false,false,false,false,false,false,false,false,false,false,false,false,false,false,Mr. Ralph,"Brother Waltz 25
 ZT",,Helmond,Noord-Brabant,Netherlands,5708,,,,,,,,,,,,,,0.00,,,ralph@wolq.nl,,,,,,,,,Sales,,,,,,,,
2026-03-31,7451241000000418039,INV-000185,2026-03-31,Closed,7451241000000255039,Zoho Singapore,,true,2026-04-07,,USD,1.00,item_level,true,Easy - USD,0.00,881.88,881.88,0.00,0.00,0.00,0.00,Adjustment,,2026-04-02,7,Net 7,0.00,0.00,,Thanks for your business.,,0.0,0.00,,,,,,Partners Commission,"Partners Commission from Zoho
SGD 1134.98 INV 52",1.00,0.00,0.000,881.88,,881.88,7451241000000157001,,,,,false,false,false,false,false,false,false,false,false,false,false,false,false,false,false,false,false,,,,,,,,,,,,,,,,,,,,,0.00,,,,,,,,,,,,General Income,,,,,,,,
2026-03-31,7451241000000418027,INV-000184,2026-03-31,Closed,7451241000000255001,Zoho Australia,,true,2026-04-07,,AUD,0.689279,item_level,true,Easy - AUD,0.00,2932.72,2932.72,0.00,0.00,0.00,0.00,Adjustment,,2026-04-02,7,Net 7,0.00,0.00,,Thanks for your business.,,0.0,0.00,,,,,,Partners Commission,"Partners Commission from Zoho
INV-000951 & 50",1.00,0.00,0.000,2932.72,,2932.72,7451241000000157001,,,,,false,false,false,false,false,false,false,false,false,false,false,false,false,false,false,false,false,,,,,,,,,,,,,,,,,,,,,0.00,,,,,,,,,,,,General Income,,,,,,,,
2026-04-23,7451241000000442001,INV-000186,2026-04-23,Closed,7451241000000112623,Sydney CRM Development,,true,2026-04-30,,AUD,0.714785,item_level,true,Easy - AUD,0.00,615.97,615.97,0.00,0.00,0.00,0.00,Adjustment,,2026-04-27,7,Net 7,0.00,0.00,,Thanks for your business.,,0.0,0.00,,,,,,Custom Widget Development,"From April 01 to April 16, 2026, 15 USD = 20.98 AUD",29.36,0.00,0.000,615.97,,20.98,7451241000000179648,,,,,false,false,false,false,false,false,false,false,false,false,false,false,false,false,false,false,false,,,,,,,,,,,,,,,,,,,,,0.00,,"From April 01 to April 16, 2026",zamil-uddin123@hotmail.com,,,,,,,,,Sales,,,,,,,,
